measurement_id;device_id;role_id;start_time_iso;end_time_iso;total_time_spent;status
0;2;0;2023-09-29T05:00:00Z;2023-09-29T05:00:00Z;0;STARTED
0;2;0;2023-09-29T05:00:00Z;2023-09-29T05:03:04Z;184;COMPLETE
1;2;0;2023-09-29T05:04:45Z;2023-09-29T05:04:45Z;0;STARTED
1;2;0;2023-09-29T05:04:45Z;2023-09-29T05:07:55Z;190;COMPLETE
2;2;0;2023-09-29T05:13:13Z;2023-09-29T05:13:13Z;0;STARTED
2;2;0;2023-09-29T05:13:13Z;2023-09-29T05:16:21Z;188;COMPLETE
3;2;1;2023-09-29T05:20:16Z;2023-09-29T05:20:16Z;0;STARTED
3;2;1;2023-09-29T05:20:16Z;2023-09-29T05:21:08Z;52;PAUSED
3;2;1;2023-09-29T05:21:08Z;2023-09-29T05:21:38Z;52;INTERRUPTED
4;2;1;2023-09-29T05:21:38Z;2023-09-29T05:21:38Z;0;STARTED
4;2;1;2023-09-29T05:21:38Z;2023-09-29T05:24:40Z;182;COMPLETE
5;2;0;2023-09-29T05:26:38Z;2023-09-29T05:26:38Z;0;STARTED
5;2;0;2023-09-29T05:26:38Z;2023-09-29T05:27:09Z;31;PAUSED
5;2;0;2023-09-29T05:27:09Z;2023-09-29T05:27:39Z;31;INTERRUPTED
6;2;0;2023-09-29T05:27:39Z;2023-09-29T05:27:39Z;0;STARTED
6;2;0;2023-09-29T05:27:39Z;2023-09-29T05:30:39Z;180;COMPLETE
7;2;0;2023-09-29T05:36:38Z;2023-09-29T05:36:38Z;0;STARTED
7;2;0;2023-09-29T05:36:38Z;2023-09-29T05:39:43Z;185;COMPLETE
8;2;2;2023-09-29T05:40:03Z;2023-09-29T05:40:03Z;0;STARTED
8;2;2;2023-09-29T05:40:03Z;2023-09-29T05:43:04Z;181;COMPLETE
9;2;2;2023-09-29T05:47:16Z;2023-09-29T05:47:16Z;0;STARTED
9;2;2;2023-09-29T05:47:16Z;2023-09-29T05:50:25Z;189;COMPLETE
10;2;1;2023-09-29T08:38:33Z;2023-09-29T08:38:33Z;0;STARTED
10;2;1;2023-09-29T08:38:33Z;2023-09-29T08:41:39Z;186;COMPLETE
11;2;2;2023-09-29T08:42:11Z;2023-09-29T08:42:11Z;0;STARTED
11;2;2;2023-09-29T08:42:11Z;2023-09-29T08:43:22Z;71;PAUSED
11;2;2;2023-09-29T08:43:22Z;2023-09-29T08:43:37Z;71;CONTINUED
11;2;2;2023-09-29T08:43:37Z;2023-09-29T08:44:07Z;71;INTERRUPTED
12;2;1;2023-09-29T08:48:12Z;2023-09-29T08:48:12Z;0;STARTED
12;2;1;2023-09-29T08:48:12Z;2023-09-29T08:48:52Z;40;PAUSED
12;2;1;2023-09-29T08:48:52Z;2023-09-29T08:49:10Z;40;CONTINUED
12;2;1;2023-09-29T08:49:10Z;2023-09-29T08:49:35Z;65;PAUSED
12;2;1;2023-09-29T08:49:35Z;2023-09-29T08:50:03Z;65;CONTINUED
12;2;1;2023-09-29T08:50:03Z;2023-09-29T08:50:30Z;92;PAUSED
12;2;1;2023-09-29T08:50:30Z;2023-09-29T08:51:00Z;92;INTERRUPTED
13;2;0;2023-09-29T08:54:28Z;2023-09-29T08:54:28Z;0;STARTED
13;2;0;2023-09-29T08:54:28Z;2023-09-29T08:57:35Z;187;COMPLETE
14;2;2;2023-09-29T09:02:44Z;2023-09-29T09:02:44Z;0;STARTED
14;2;2;2023-09-29T09:02:44Z;2023-09-29T09:05:54Z;190;COMPLETE
15;2;2;2023-09-29T09:11:11Z;2023-09-29T09:11:11Z;0;STARTED
15;2;2;2023-09-29T09:11:11Z;2023-09-29T09:14:16Z;185;COMPLETE
16;2;1;2023-09-30T05:00:00Z;2023-09-30T05:00:00Z;0;STARTED
16;2;1;2023-09-30T05:00:00Z;2023-09-30T05:00:17Z;17;PAUSED
16;2;1;2023-09-30T05:00:17Z;2023-09-30T05:00:46Z;17;CONTINUED
16;2;1;2023-09-30T05:00:46Z;2023-09-30T05:01:16Z;17;INTERRUPTED
17;2;0;2023-09-30T05:01:42Z;2023-09-30T05:01:42Z;0;STARTED
17;2;0;2023-09-30T05:01:42Z;2023-09-30T05:01:47Z;5;PAUSED
17;2;0;2023-09-30T05:01:47Z;2023-09-30T05:02:17Z;5;INTERRUPTED
18;2;0;2023-09-30T05:03:05Z;2023-09-30T05:03:05Z;0;STARTED
18;2;0;2023-09-30T05:03:05Z;2023-09-30T05:06:09Z;184;COMPLETE
19;2;2;2023-09-30T05:06:32Z;2023-09-30T05:06:32Z;0;STARTED
19;2;2;2023-09-30T05:06:32Z;2023-09-30T05:08:34Z;122;PAUSED
19;2;2;2023-09-30T05:08:34Z;2023-09-30T05:09:04Z;122;INTERRUPTED
20;2;2;2023-09-30T05:12:27Z;2023-09-30T05:12:27Z;0;STARTED
20;2;2;2023-09-30T05:12:27Z;2023-09-30T05:12:41Z;14;PAUSED
20;2;2;2023-09-30T05:12:41Z;2023-09-30T05:13:02Z;14;CONTINUED
20;2;2;2023-09-30T05:13:02Z;2023-09-30T05:13:12Z;24;PAUSED
20;2;2;2023-09-30T05:13:12Z;2023-09-30T05:13:17Z;24;CONTINUED
20;2;2;2023-09-30T05:13:17Z;2023-09-30T05:13:27Z;34;PAUSED
20;2;2;2023-09-30T05:13:27Z;2023-09-30T05:13:40Z;34;CONTINUED
20;2;2;2023-09-30T05:13:40Z;2023-09-30T05:14:10Z;34;INTERRUPTED
21;2;1;2023-09-30T07:54:29Z;2023-09-30T07:54:29Z;0;STARTED
21;2;1;2023-09-30T07:54:29Z;2023-09-30T07:54:40Z;11;PAUSED
21;2;1;2023-09-30T07:54:40Z;2023-09-30T07:54:58Z;11;CONTINUED
21;2;1;2023-09-30T07:54:58Z;2023-09-30T07:55:11Z;24;PAUSED
21;2;1;2023-09-30T07:55:11Z;2023-09-30T07:55:33Z;24;CONTINUED
21;2;1;2023-09-30T07:55:33Z;2023-09-30T07:55:51Z;42;PAUSED
21;2;1;2023-09-30T07:55:51Z;2023-09-30T07:56:21Z;42;INTERRUPTED
22;2;1;2023-09-30T07:56:21Z;2023-09-30T07:56:21Z;0;STARTED
22;2;1;2023-09-30T07:56:21Z;2023-09-30T07:59:30Z;189;COMPLETE
23;2;0;2023-09-30T08:03:35Z;2023-09-30T08:03:35Z;0;STARTED
23;2;0;2023-09-30T08:03:35Z;2023-09-30T08:06:42Z;187;COMPLETE
24;2;1;2023-09-30T08:12:08Z;2023-09-30T08:12:08Z;0;STARTED
24;2;1;2023-09-30T08:12:08Z;2023-09-30T08:12:24Z;16;PAUSED
24;2;1;2023-09-30T08:12:24Z;2023-09-30T08:12:46Z;16;CONTINUED
24;2;1;2023-09-30T08:12:46Z;2023-09-30T08:12:59Z;29;PAUSED
24;2;1;2023-09-30T08:12:59Z;2023-09-30T08:13:26Z;29;CONTINUED
24;2;1;2023-09-30T08:13:26Z;2023-09-30T08:13:45Z;48;PAUSED
24;2;1;2023-09-30T08:13:45Z;2023-09-30T08:14:07Z;48;CONTINUED
24;2;1;2023-09-30T08:14:07Z;2023-09-30T08:14:37Z;48;INTERRUPTED
25;2;0;2023-09-30T08:15:38Z;2023-09-30T08:15:38Z;0;STARTED
25;2;0;2023-09-30T08:15:38Z;2023-09-30T08:18:44Z;186;COMPLETE
26;2;0;2023-09-30T08:19:01Z;2023-09-30T08:19:01Z;0;STARTED
26;2;0;2023-09-30T08:19:01Z;2023-09-30T08:22:06Z;185;COMPLETE
27;2;1;2023-09-30T08:27:40Z;2023-09-30T08:27:40Z;0;STARTED
27;2;1;2023-09-30T08:27:40Z;2023-09-30T08:28:28Z;48;PAUSED
27;2;1;2023-09-30T08:28:28Z;2023-09-30T08:28:58Z;48;INTERRUPTED
28;2;2;2023-09-30T08:34:28Z;2023-09-30T08:34:28Z;0;STARTED
28;2;2;2023-09-30T08:34:28Z;2023-09-30T08:37:36Z;188;COMPLETE
29;2;2;2023-09-30T08:41:17Z;2023-09-30T08:41:17Z;0;STARTED
29;2;2;2023-09-30T08:41:17Z;2023-09-30T08:42:06Z;49;PAUSED
29;2;2;2023-09-30T08:42:06Z;2023-09-30T08:42:13Z;49;CONTINUED
29;2;2;2023-09-30T08:42:13Z;2023-09-30T08:42:31Z;67;PAUSED
29;2;2;2023-09-30T08:42:31Z;2023-09-30T08:42:46Z;67;CONTINUED
29;2;2;2023-09-30T08:42:46Z;2023-09-30T08:43:16Z;67;INTERRUPTED
30;2;0;2023-10-02T05:00:00Z;2023-10-02T05:00:00Z;0;STARTED
30;2;0;2023-10-02T05:00:00Z;2023-10-02T05:03:10Z;190;COMPLETE
31;2;1;2023-10-02T05:06:23Z;2023-10-02T05:06:23Z;0;STARTED
31;2;1;2023-10-02T05:06:23Z;2023-10-02T05:07:37Z;74;PAUSED
31;2;1;2023-10-02T05:07:37Z;2023-10-02T05:07:46Z;74;CONTINUED
31;2;1;2023-10-02T05:07:46Z;2023-10-02T05:08:53Z;141;PAUSED
31;2;1;2023-10-02T05:08:53Z;2023-10-02T05:09:23Z;141;INTERRUPTED
32;2;2;2023-10-02T05:14:11Z;2023-10-02T05:14:11Z;0;STARTED
32;2;2;2023-10-02T05:14:11Z;2023-10-02T05:14:31Z;20;PAUSED
32;2;2;2023-10-02T05:14:31Z;2023-10-02T05:14:43Z;20;CONTINUED
32;2;2;2023-10-02T05:14:43Z;2023-10-02T05:14:48Z;25;PAUSED
32;2;2;2023-10-02T05:14:48Z;2023-10-02T05:15:04Z;25;CONTINUED
32;2;2;2023-10-02T05:15:04Z;2023-10-02T05:15:16Z;37;PAUSED
32;2;2;2023-10-02T05:15:16Z;2023-10-02T05:15:39Z;37;CONTINUED
32;2;2;2023-10-02T05:15:39Z;2023-10-02T05:15:56Z;54;PAUSED
32;2;2;2023-10-02T05:15:56Z;2023-10-02T05:16:26Z;54;INTERRUPTED
33;2;1;2023-10-02T05:19:37Z;2023-10-02T05:19:37Z;0;STARTED
33;2;1;2023-10-02T05:19:37Z;2023-10-02T05:22:38Z;181;COMPLETE
34;2;0;2023-10-02T05:28:34Z;2023-10-02T05:28:34Z;0;STARTED
34;2;0;2023-10-02T05:28:34Z;2023-10-02T05:28:39Z;5;PAUSED
34;2;0;2023-10-02T05:28:39Z;2023-10-02T05:28:46Z;5;CONTINUED
34;2;0;2023-10-02T05:28:46Z;2023-10-02T05:29:00Z;19;PAUSED
34;2;0;2023-10-02T05:29:00Z;2023-10-02T05:29:24Z;19;CONTINUED
34;2;0;2023-10-02T05:29:24Z;2023-10-02T05:29:41Z;36;PAUSED
34;2;0;2023-10-02T05:29:41Z;2023-10-02T05:30:07Z;36;CONTINUED
34;2;0;2023-10-02T05:30:07Z;2023-10-02T05:30:37Z;36;INTERRUPTED
35;2;1;2023-10-02T05:32:25Z;2023-10-02T05:32:25Z;0;STARTED
35;2;1;2023-10-02T05:32:25Z;2023-10-02T05:32:43Z;18;PAUSED
35;2;1;2023-10-02T05:32:43Z;2023-10-02T05:33:01Z;18;CONTINUED
35;2;1;2023-10-02T05:33:01Z;2023-10-02T05:33:09Z;26;PAUSED
35;2;1;2023-10-02T05:33:09Z;2023-10-02T05:33:36Z;26;CONTINUED
35;2;1;2023-10-02T05:33:36Z;2023-10-02T05:33:48Z;38;PAUSED
35;2;1;2023-10-02T05:33:48Z;2023-10-02T05:34:12Z;38;CONTINUED
35;2;1;2023-10-02T05:34:12Z;2023-10-02T05:34:24Z;50;PAUSED
35;2;1;2023-10-02T05:34:24Z;2023-10-02T05:34:54Z;50;INTERRUPTED
36;2;2;2023-10-02T05:35:05Z;2023-10-02T05:35:05Z;0;STARTED
36;2;2;2023-10-02T05:35:05Z;2023-10-02T05:35:38Z;33;PAUSED
36;2;2;2023-10-02T05:35:38Z;2023-10-02T05:36:02Z;33;CONTINUED
36;2;2;2023-10-02T05:36:02Z;2023-10-02T05:36:52Z;83;PAUSED
36;2;2;2023-10-02T05:36:52Z;2023-10-02T05:37:06Z;83;CONTINUED
36;2;2;2023-10-02T05:37:06Z;2023-10-02T05:37:36Z;83;INTERRUPTED
37;2;1;2023-10-02T08:15:15Z;2023-10-02T08:15:15Z;0;STARTED
37;2;1;2023-10-02T08:15:15Z;2023-10-02T08:15:55Z;40;PAUSED
37;2;1;2023-10-02T08:15:55Z;2023-10-02T08:16:11Z;40;CONTINUED
37;2;1;2023-10-02T08:16:11Z;2023-10-02T08:16:37Z;66;PAUSED
37;2;1;2023-10-02T08:16:37Z;2023-10-02T08:17:03Z;66;CONTINUED
37;2;1;2023-10-02T08:17:03Z;2023-10-02T08:17:33Z;66;INTERRUPTED
38;2;0;2023-10-02T08:19:47Z;2023-10-02T08:19:47Z;0;STARTED
38;2;0;2023-10-02T08:19:47Z;2023-10-02T08:22:51Z;184;COMPLETE
39;2;0;2023-10-02T08:23:08Z;2023-10-02T08:23:08Z;0;STARTED
39;2;0;2023-10-02T08:23:08Z;2023-10-02T08:26:08Z;180;COMPLETE
40;2;0;2023-10-02T08:29:25Z;2023-10-02T08:29:25Z;0;STARTED
40;2;0;2023-10-02T08:29:25Z;2023-10-02T08:29:41Z;16;PAUSED
40;2;0;2023-10-02T08:29:41Z;2023-10-02T08:30:01Z;16;CONTINUED
40;2;0;2023-10-02T08:30:01Z;2023-10-02T08:30:10Z;25;PAUSED
40;2;0;2023-10-02T08:30:10Z;2023-10-02T08:30:18Z;25;CONTINUED
40;2;0;2023-10-02T08:30:18Z;2023-10-02T08:30:23Z;30;PAUSED
40;2;0;2023-10-02T08:30:23Z;2023-10-02T08:30:53Z;30;INTERRUPTED
41;2;0;2023-10-02T08:30:23Z;2023-10-02T08:30:23Z;0;STARTED
41;2;0;2023-10-02T08:30:23Z;2023-10-02T08:30:36Z;13;PAUSED
41;2;0;2023-10-02T08:30:36Z;2023-10-02T08:31:05Z;13;CONTINUED
41;2;0;2023-10-02T08:31:05Z;2023-10-02T08:31:13Z;21;PAUSED
41;2;0;2023-10-02T08:31:13Z;2023-10-02T08:31:43Z;21;CONTINUED
41;2;0;2023-10-02T08:31:43Z;2023-10-02T08:31:50Z;28;PAUSED
41;2;0;2023-10-02T08:31:50Z;2023-10-02T08:32:19Z;28;CONTINUED
41;2;0;2023-10-02T08:32:19Z;2023-10-02T08:32:37Z;46;PAUSED
41;2;0;2023-10-02T08:32:37Z;2023-10-02T08:33:07Z;46;INTERRUPTED
42;2;1;2023-10-02T08:33:27Z;2023-10-02T08:33:27Z;0;STARTED
42;2;1;2023-10-02T08:33:27Z;2023-10-02T08:36:37Z;190;COMPLETE
43;2;2;2023-10-02T08:41:34Z;2023-10-02T08:41:34Z;0;STARTED
43;2;2;2023-10-02T08:41:34Z;2023-10-02T08:44:39Z;185;COMPLETE
44;2;0;2023-10-02T11:31:03Z;2023-10-02T11:31:03Z;0;STARTED
44;2;0;2023-10-02T11:31:03Z;2023-10-02T11:34:07Z;184;COMPLETE
45;2;1;2023-10-02T11:35:05Z;2023-10-02T11:35:05Z;0;STARTED
45;2;1;2023-10-02T11:35:05Z;2023-10-02T11:38:05Z;180;COMPLETE
46;2;0;2023-10-02T11:43:42Z;2023-10-02T11:43:42Z;0;STARTED
46;2;0;2023-10-02T11:43:42Z;2023-10-02T11:46:47Z;185;COMPLETE
47;2;0;2023-10-02T11:49:25Z;2023-10-02T11:49:25Z;0;STARTED
47;2;0;2023-10-02T11:49:25Z;2023-10-02T11:52:25Z;180;COMPLETE
48;2;0;2023-10-02T11:55:12Z;2023-10-02T11:55:12Z;0;STARTED
48;2;0;2023-10-02T11:55:12Z;2023-10-02T11:55:34Z;22;PAUSED
48;2;0;2023-10-02T11:55:34Z;2023-10-02T11:55:40Z;22;CONTINUED
48;2;0;2023-10-02T11:55:40Z;2023-10-02T11:56:10Z;52;PAUSED
48;2;0;2023-10-02T11:56:10Z;2023-10-02T11:56:31Z;52;CONTINUED
48;2;0;2023-10-02T11:56:31Z;2023-10-02T11:57:01Z;52;INTERRUPTED
49;2;2;2023-10-02T12:02:42Z;2023-10-02T12:02:42Z;0;STARTED
49;2;2;2023-10-02T12:02:42Z;2023-10-02T12:05:45Z;183;COMPLETE
50;2;0;2023-10-02T12:09:33Z;2023-10-02T12:09:33Z;0;STARTED
50;2;0;2023-10-02T12:09:33Z;2023-10-02T12:10:59Z;86;PAUSED
50;2;0;2023-10-02T12:10:59Z;2023-10-02T12:11:13Z;86;CONTINUED
50;2;0;2023-10-02T12:11:13Z;2023-10-02T12:11:43Z;86;INTERRUPTED
51;2;2;2023-10-02T12:17:32Z;2023-10-02T12:17:32Z;0;STARTED
51;2;2;2023-10-02T12:17:32Z;2023-10-02T12:17:42Z;10;PAUSED
51;2;2;2023-10-02T12:17:42Z;2023-10-02T12:17:49Z;10;CONTINUED
51;2;2;2023-10-02T12:17:49Z;2023-10-02T12:17:54Z;15;PAUSED
51;2;2;2023-10-02T12:17:54Z;2023-10-02T12:18:06Z;15;CONTINUED
51;2;2;2023-10-02T12:18:06Z;2023-10-02T12:18:15Z;24;PAUSED
51;2;2;2023-10-02T12:18:15Z;2023-10-02T12:18:41Z;24;CONTINUED
51;2;2;2023-10-02T12:18:41Z;2023-10-02T12:19:00Z;43;PAUSED
51;2;2;2023-10-02T12:19:00Z;2023-10-02T12:19:30Z;43;INTERRUPTED
52;2;0;2023-10-03T05:00:00Z;2023-10-03T05:00:00Z;0;STARTED
52;2;0;2023-10-03T05:00:00Z;2023-10-03T05:03:00Z;180;COMPLETE
53;2;0;2023-10-03T05:06:45Z;2023-10-03T05:06:45Z;0;STARTED
53;2;0;2023-10-03T05:06:45Z;2023-10-03T05:09:50Z;185;COMPLETE
54;2;0;2023-10-03T05:10:29Z;2023-10-03T05:10:29Z;0;STARTED
54;2;0;2023-10-03T05:10:29Z;2023-10-03T05:10:35Z;6;PAUSED
54;2;0;2023-10-03T05:10:35Z;2023-10-03T05:10:54Z;6;CONTINUED
54;2;0;2023-10-03T05:10:54Z;2023-10-03T05:11:24Z;6;INTERRUPTED
55;2;1;2023-10-03T05:15:56Z;2023-10-03T05:15:56Z;0;STARTED
55;2;1;2023-10-03T05:15:56Z;2023-10-03T05:16:44Z;48;PAUSED
55;2;1;2023-10-03T05:16:44Z;2023-10-03T05:16:52Z;48;CONTINUED
55;2;1;2023-10-03T05:16:52Z;2023-10-03T05:17:22Z;48;INTERRUPTED
56;2;0;2023-10-03T05:21:53Z;2023-10-03T05:21:53Z;0;STARTED
56;2;0;2023-10-03T05:21:53Z;2023-10-03T05:24:54Z;181;COMPLETE
57;2;2;2023-10-03T05:25:18Z;2023-10-03T05:25:18Z;0;STARTED
57;2;2;2023-10-03T05:25:18Z;2023-10-03T05:26:13Z;55;PAUSED
57;2;2;2023-10-03T05:26:13Z;2023-10-03T05:26:21Z;55;CONTINUED
57;2;2;2023-10-03T05:26:21Z;2023-10-03T05:26:37Z;71;PAUSED
57;2;2;2023-10-03T05:26:37Z;2023-10-03T05:27:07Z;71;INTERRUPTED
58;2;2;2023-10-03T05:30:10Z;2023-10-03T05:30:10Z;0;STARTED
58;2;2;2023-10-03T05:30:10Z;2023-10-03T05:31:01Z;51;PAUSED
58;2;2;2023-10-03T05:31:01Z;2023-10-03T05:31:28Z;51;CONTINUED
58;2;2;2023-10-03T05:31:28Z;2023-10-03T05:31:33Z;56;PAUSED
58;2;2;2023-10-03T05:31:33Z;2023-10-03T05:31:47Z;56;CONTINUED
58;2;2;2023-10-03T05:31:47Z;2023-10-03T05:32:17Z;56;INTERRUPTED
59;2;0;2023-10-03T07:29:56Z;2023-10-03T07:29:56Z;0;STARTED
59;2;0;2023-10-03T07:29:56Z;2023-10-03T07:30:24Z;28;PAUSED
59;2;0;2023-10-03T07:30:24Z;2023-10-03T07:30:52Z;28;CONTINUED
59;2;0;2023-10-03T07:30:52Z;2023-10-03T07:31:04Z;40;PAUSED
59;2;0;2023-10-03T07:31:04Z;2023-10-03T07:31:25Z;40;CONTINUED
59;2;0;2023-10-03T07:31:25Z;2023-10-03T07:31:48Z;63;PAUSED
59;2;0;2023-10-03T07:31:48Z;2023-10-03T07:32:18Z;63;INTERRUPTED
60;2;0;2023-10-03T07:37:12Z;2023-10-03T07:37:12Z;0;STARTED
60;2;0;2023-10-03T07:37:12Z;2023-10-03T07:40:17Z;185;COMPLETE
61;2;0;2023-10-03T07:42:57Z;2023-10-03T07:42:57Z;0;STARTED
61;2;0;2023-10-03T07:42:57Z;2023-10-03T07:46:02Z;185;COMPLETE
62;2;0;2023-10-03T07:51:17Z;2023-10-03T07:51:17Z;0;STARTED
62;2;0;2023-10-03T07:51:17Z;2023-10-03T07:51:52Z;35;PAUSED
62;2;0;2023-10-03T07:51:52Z;2023-10-03T07:52:04Z;35;CONTINUED
62;2;0;2023-10-03T07:52:04Z;2023-10-03T07:52:45Z;76;PAUSED
62;2;0;2023-10-03T07:52:45Z;2023-10-03T07:53:15Z;76;INTERRUPTED
63;2;0;2023-10-03T07:52:45Z;2023-10-03T07:52:45Z;0;STARTED
63;2;0;2023-10-03T07:52:45Z;2023-10-03T07:55:54Z;189;COMPLETE
64;2;2;2023-10-03T07:57:57Z;2023-10-03T07:57:57Z;0;STARTED
64;2;2;2023-10-03T07:57:57Z;2023-10-03T08:01:07Z;190;COMPLETE
65;2;0;2023-10-03T08:02:57Z;2023-10-03T08:02:57Z;0;STARTED
65;2;0;2023-10-03T08:02:57Z;2023-10-03T08:06:02Z;185;COMPLETE
66;2;2;2023-10-03T08:08:57Z;2023-10-03T08:08:57Z;0;STARTED
66;2;2;2023-10-03T08:08:57Z;2023-10-03T08:12:05Z;188;COMPLETE
67;2;1;2023-10-04T05:00:00Z;2023-10-04T05:00:00Z;0;STARTED
67;2;1;2023-10-04T05:00:00Z;2023-10-04T05:03:09Z;189;COMPLETE
68;2;2;2023-10-04T05:03:31Z;2023-10-04T05:03:31Z;0;STARTED
68;2;2;2023-10-04T05:03:31Z;2023-10-04T05:06:41Z;190;COMPLETE
69;2;0;2023-10-04T05:12:37Z;2023-10-04T05:12:37Z;0;STARTED
69;2;0;2023-10-04T05:12:37Z;2023-10-04T05:15:41Z;184;COMPLETE
70;2;0;2023-10-04T05:19:13Z;2023-10-04T05:19:13Z;0;STARTED
70;2;0;2023-10-04T05:19:13Z;2023-10-04T05:22:16Z;183;COMPLETE
71;2;2;2023-10-04T05:24:11Z;2023-10-04T05:24:11Z;0;STARTED
71;2;2;2023-10-04T05:24:11Z;2023-10-04T05:27:14Z;183;COMPLETE
72;2;0;2023-10-04T11:28:35Z;2023-10-04T11:28:35Z;0;STARTED
72;2;0;2023-10-04T11:28:35Z;2023-10-04T11:31:39Z;184;COMPLETE
73;2;0;2023-10-04T11:31:48Z;2023-10-04T11:31:48Z;0;STARTED
73;2;0;2023-10-04T11:31:48Z;2023-10-04T11:34:55Z;187;COMPLETE
74;2;1;2023-10-04T11:40:46Z;2023-10-04T11:40:46Z;0;STARTED
74;2;1;2023-10-04T11:40:46Z;2023-10-04T11:43:52Z;186;COMPLETE
75;2;0;2023-10-04T11:47:01Z;2023-10-04T11:47:01Z;0;STARTED
75;2;0;2023-10-04T11:47:01Z;2023-10-04T11:50:03Z;182;COMPLETE
76;2;2;2023-10-04T11:55:24Z;2023-10-04T11:55:24Z;0;STARTED
76;2;2;2023-10-04T11:55:24Z;2023-10-04T11:58:28Z;184;COMPLETE
77;2;2;2023-10-04T12:02:16Z;2023-10-04T12:02:16Z;0;STARTED
77;2;2;2023-10-04T12:02:16Z;2023-10-04T12:05:16Z;180;COMPLETE
78;2;2;2023-10-04T12:06:38Z;2023-10-04T12:06:38Z;0;STARTED
78;2;2;2023-10-04T12:06:38Z;2023-10-04T12:06:50Z;12;PAUSED
78;2;2;2023-10-04T12:06:50Z;2023-10-04T12:07:07Z;12;CONTINUED
78;2;2;2023-10-04T12:07:07Z;2023-10-04T12:07:22Z;27;PAUSED
78;2;2;2023-10-04T12:07:22Z;2023-10-04T12:07:44Z;27;CONTINUED
78;2;2;2023-10-04T12:07:44Z;2023-10-04T12:07:56Z;39;PAUSED
78;2;2;2023-10-04T12:07:56Z;2023-10-04T12:08:01Z;39;CONTINUED
78;2;2;2023-10-04T12:08:01Z;2023-10-04T12:08:31Z;39;INTERRUPTED
79;2;1;2023-10-05T05:00:00Z;2023-10-05T05:00:00Z;0;STARTED
79;2;1;2023-10-05T05:00:00Z;2023-10-05T05:00:07Z;7;PAUSED
79;2;1;2023-10-05T05:00:07Z;2023-10-05T05:00:30Z;7;CONTINUED
79;2;1;2023-10-05T05:00:30Z;2023-10-05T05:00:35Z;12;PAUSED
79;2;1;2023-10-05T05:00:35Z;2023-10-05T05:01:05Z;12;CONTINUED
79;2;1;2023-10-05T05:01:05Z;2023-10-05T05:01:10Z;17;PAUSED
79;2;1;2023-10-05T05:01:10Z;2023-10-05T05:01:27Z;17;CONTINUED
79;2;1;2023-10-05T05:01:27Z;2023-10-05T05:01:57Z;17;INTERRUPTED
80;2;2;2023-10-05T05:04:48Z;2023-10-05T05:04:48Z;0;STARTED
80;2;2;2023-10-05T05:04:48Z;2023-10-05T05:07:56Z;188;COMPLETE
81;2;0;2023-10-05T05:09:30Z;2023-10-05T05:09:30Z;0;STARTED
81;2;0;2023-10-05T05:09:30Z;2023-10-05T05:12:40Z;190;COMPLETE
82;2;1;2023-10-05T05:17:40Z;2023-10-05T05:17:40Z;0;STARTED
82;2;1;2023-10-05T05:17:40Z;2023-10-05T05:20:41Z;181;COMPLETE
83;2;0;2023-10-05T05:24:10Z;2023-10-05T05:24:10Z;0;STARTED
83;2;0;2023-10-05T05:24:10Z;2023-10-05T05:24:29Z;19;PAUSED
83;2;0;2023-10-05T05:24:29Z;2023-10-05T05:24:59Z;19;CONTINUED
83;2;0;2023-10-05T05:24:59Z;2023-10-05T05:25:43Z;63;PAUSED
83;2;0;2023-10-05T05:25:43Z;2023-10-05T05:25:52Z;63;CONTINUED
83;2;0;2023-10-05T05:25:52Z;2023-10-05T05:26:22Z;63;INTERRUPTED
84;2;0;2023-10-05T05:28:53Z;2023-10-05T05:28:53Z;0;STARTED
84;2;0;2023-10-05T05:28:53Z;2023-10-05T05:31:55Z;182;COMPLETE
85;2;1;2023-10-05T05:32:32Z;2023-10-05T05:32:32Z;0;STARTED
85;2;1;2023-10-05T05:32:32Z;2023-10-05T05:35:42Z;190;COMPLETE
86;2;2;2023-10-05T05:36:54Z;2023-10-05T05:36:54Z;0;STARTED
86;2;2;2023-10-05T05:36:54Z;2023-10-05T05:39:56Z;182;COMPLETE
87;2;0;2023-10-06T05:00:00Z;2023-10-06T05:00:00Z;0;STARTED
87;2;0;2023-10-06T05:00:00Z;2023-10-06T05:03:07Z;187;COMPLETE
88;2;1;2023-10-06T05:07:11Z;2023-10-06T05:07:11Z;0;STARTED
88;2;1;2023-10-06T05:07:11Z;2023-10-06T05:10:12Z;181;COMPLETE
89;2;1;2023-10-06T05:11:51Z;2023-10-06T05:11:51Z;0;STARTED
89;2;1;2023-10-06T05:11:51Z;2023-10-06T05:14:59Z;188;COMPLETE
90;2;1;2023-10-06T05:19:57Z;2023-10-06T05:19:57Z;0;STARTED
90;2;1;2023-10-06T05:19:57Z;2023-10-06T05:20:10Z;13;PAUSED
90;2;1;2023-10-06T05:20:10Z;2023-10-06T05:20:23Z;13;CONTINUED
90;2;1;2023-10-06T05:20:23Z;2023-10-06T05:20:44Z;34;PAUSED
90;2;1;2023-10-06T05:20:44Z;2023-10-06T05:20:59Z;34;CONTINUED
90;2;1;2023-10-06T05:20:59Z;2023-10-06T05:21:52Z;87;PAUSED
90;2;1;2023-10-06T05:21:52Z;2023-10-06T05:22:22Z;87;INTERRUPTED
91;2;0;2023-10-06T05:22:37Z;2023-10-06T05:22:37Z;0;STARTED
91;2;0;2023-10-06T05:22:37Z;2023-10-06T05:22:53Z;16;PAUSED
91;2;0;2023-10-06T05:22:53Z;2023-10-06T05:23:02Z;16;CONTINUED
91;2;0;2023-10-06T05:23:02Z;2023-10-06T05:23:49Z;63;PAUSED
91;2;0;2023-10-06T05:23:49Z;2023-10-06T05:24:04Z;63;CONTINUED
91;2;0;2023-10-06T05:24:04Z;2023-10-06T05:24:09Z;68;PAUSED
91;2;0;2023-10-06T05:24:09Z;2023-10-06T05:24:39Z;68;INTERRUPTED
92;2;2;2023-10-06T05:29:19Z;2023-10-06T05:29:19Z;0;STARTED
92;2;2;2023-10-06T05:29:19Z;2023-10-06T05:32:28Z;189;COMPLETE
93;2;0;2023-10-06T08:30:18Z;2023-10-06T08:30:18Z;0;STARTED
93;2;0;2023-10-06T08:30:18Z;2023-10-06T08:33:22Z;184;COMPLETE
94;2;1;2023-10-06T08:35:04Z;2023-10-06T08:35:04Z;0;STARTED
94;2;1;2023-10-06T08:35:04Z;2023-10-06T08:36:01Z;57;PAUSED
94;2;1;2023-10-06T08:36:01Z;2023-10-06T08:36:31Z;57;INTERRUPTED
95;2;0;2023-10-06T08:39:23Z;2023-10-06T08:39:23Z;0;STARTED
95;2;0;2023-10-06T08:39:23Z;2023-10-06T08:42:31Z;188;COMPLETE
96;2;0;2023-10-06T08:47:48Z;2023-10-06T08:47:48Z;0;STARTED
96;2;0;2023-10-06T08:47:48Z;2023-10-06T08:50:52Z;184;COMPLETE
97;2;1;2023-10-06T08:55:40Z;2023-10-06T08:55:40Z;0;STARTED
97;2;1;2023-10-06T08:55:40Z;2023-10-06T08:58:46Z;186;COMPLETE
98;2;2;2023-10-06T08:59:24Z;2023-10-06T08:59:24Z;0;STARTED
98;2;2;2023-10-06T08:59:24Z;2023-10-06T08:59:48Z;24;PAUSED
98;2;2;2023-10-06T08:59:48Z;2023-10-06T09:00:12Z;24;CONTINUED
98;2;2;2023-10-06T09:00:12Z;2023-10-06T09:00:54Z;66;PAUSED
98;2;2;2023-10-06T09:00:54Z;2023-10-06T09:01:24Z;66;INTERRUPTED
99;2;0;2023-10-06T12:24:19Z;2023-10-06T12:24:19Z;0;STARTED
99;2;0;2023-10-06T12:24:19Z;2023-10-06T12:24:37Z;18;PAUSED
99;2;0;2023-10-06T12:24:37Z;2023-10-06T12:25:05Z;18;CONTINUED
99;2;0;2023-10-06T12:25:05Z;2023-10-06T12:25:20Z;33;PAUSED
99;2;0;2023-10-06T12:25:20Z;2023-10-06T12:25:46Z;33;CONTINUED
99;2;0;2023-10-06T12:25:46Z;2023-10-06T12:26:02Z;49;PAUSED
99;2;0;2023-10-06T12:26:02Z;2023-10-06T12:26:16Z;49;CONTINUED
99;2;0;2023-10-06T12:26:16Z;2023-10-06T12:26:46Z;49;INTERRUPTED
100;2;0;2023-10-06T12:30:00Z;2023-10-06T12:30:00Z;0;STARTED
100;2;0;2023-10-06T12:30:00Z;2023-10-06T12:33:00Z;180;COMPLETE
101;2;0;2023-10-06T12:33:24Z;2023-10-06T12:33:24Z;0;STARTED
101;2;0;2023-10-06T12:33:24Z;2023-10-06T12:36:25Z;181;COMPLETE
102;2;2;2023-10-06T12:39:46Z;2023-10-06T12:39:46Z;0;STARTED
102;2;2;2023-10-06T12:39:46Z;2023-10-06T12:42:52Z;186;COMPLETE
103;2;1;2023-10-06T12:47:22Z;2023-10-06T12:47:22Z;0;STARTED
103;2;1;2023-10-06T12:47:22Z;2023-10-06T12:50:28Z;186;COMPLETE
104;2;1;2023-10-06T12:51:57Z;2023-10-06T12:51:57Z;0;STARTED
104;2;1;2023-10-06T12:51:57Z;2023-10-06T12:52:04Z;7;PAUSED
104;2;1;2023-10-06T12:52:04Z;2023-10-06T12:52:15Z;7;CONTINUED
104;2;1;2023-10-06T12:52:15Z;2023-10-06T12:52:36Z;28;PAUSED
104;2;1;2023-10-06T12:52:36Z;2023-10-06T12:52:45Z;28;CONTINUED
104;2;1;2023-10-06T12:52:45Z;2023-10-06T12:53:02Z;45;PAUSED
104;2;1;2023-10-06T12:53:02Z;2023-10-06T12:53:32Z;45;INTERRUPTED
105;2;2;2023-10-06T12:58:14Z;2023-10-06T12:58:14Z;0;STARTED
105;2;2;2023-10-06T12:58:14Z;2023-10-06T13:01:15Z;181;COMPLETE
106;2;0;2023-10-07T05:00:00Z;2023-10-07T05:00:00Z;0;STARTED
106;2;0;2023-10-07T05:00:00Z;2023-10-07T05:03:05Z;185;COMPLETE
107;2;2;2023-10-07T05:04:29Z;2023-10-07T05:04:29Z;0;STARTED
107;2;2;2023-10-07T05:04:29Z;2023-10-07T05:07:30Z;181;COMPLETE
108;2;1;2023-10-07T05:12:13Z;2023-10-07T05:12:13Z;0;STARTED
108;2;1;2023-10-07T05:12:13Z;2023-10-07T05:15:18Z;185;COMPLETE
109;2;1;2023-10-07T05:19:12Z;2023-10-07T05:19:12Z;0;STARTED
109;2;1;2023-10-07T05:19:12Z;2023-10-07T05:20:28Z;76;PAUSED
109;2;1;2023-10-07T05:20:28Z;2023-10-07T05:20:58Z;76;INTERRUPTED
110;2;0;2023-10-07T05:25:26Z;2023-10-07T05:25:26Z;0;STARTED
110;2;0;2023-10-07T05:25:26Z;2023-10-07T05:28:28Z;182;COMPLETE
111;2;0;2023-10-07T05:28:35Z;2023-10-07T05:28:35Z;0;STARTED
111;2;0;2023-10-07T05:28:35Z;2023-10-07T05:31:38Z;183;COMPLETE
112;2;2;2023-10-07T05:35:42Z;2023-10-07T05:35:42Z;0;STARTED
112;2;2;2023-10-07T05:35:42Z;2023-10-07T05:38:52Z;190;COMPLETE
113;2;0;2023-10-07T07:27:54Z;2023-10-07T07:27:54Z;0;STARTED
113;2;0;2023-10-07T07:27:54Z;2023-10-07T07:30:55Z;181;COMPLETE
114;2;1;2023-10-07T07:33:15Z;2023-10-07T07:33:15Z;0;STARTED
114;2;1;2023-10-07T07:33:15Z;2023-10-07T07:33:28Z;13;PAUSED
114;2;1;2023-10-07T07:33:28Z;2023-10-07T07:33:49Z;13;CONTINUED
114;2;1;2023-10-07T07:33:49Z;2023-10-07T07:33:54Z;18;PAUSED
114;2;1;2023-10-07T07:33:54Z;2023-10-07T07:34:19Z;18;CONTINUED
114;2;1;2023-10-07T07:34:19Z;2023-10-07T07:34:24Z;23;PAUSED
114;2;1;2023-10-07T07:34:24Z;2023-10-07T07:34:29Z;23;CONTINUED
114;2;1;2023-10-07T07:34:29Z;2023-10-07T07:34:36Z;30;PAUSED
114;2;1;2023-10-07T07:34:36Z;2023-10-07T07:35:06Z;30;INTERRUPTED
115;2;0;2023-10-07T07:35:19Z;2023-10-07T07:35:19Z;0;STARTED
115;2;0;2023-10-07T07:35:19Z;2023-10-07T07:38:20Z;181;COMPLETE
116;2;1;2023-10-07T07:44:03Z;2023-10-07T07:44:03Z;0;STARTED
116;2;1;2023-10-07T07:44:03Z;2023-10-07T07:47:07Z;184;COMPLETE
117;2;2;2023-10-07T07:47:37Z;2023-10-07T07:47:37Z;0;STARTED
117;2;2;2023-10-07T07:47:37Z;2023-10-07T07:50:41Z;184;COMPLETE
118;2;1;2023-10-07T07:51:59Z;2023-10-07T07:51:59Z;0;STARTED
118;2;1;2023-10-07T07:51:59Z;2023-10-07T07:55:01Z;182;COMPLETE
119;2;0;2023-10-07T08:00:41Z;2023-10-07T08:00:41Z;0;STARTED
119;2;0;2023-10-07T08:00:41Z;2023-10-07T08:01:10Z;29;PAUSED
119;2;0;2023-10-07T08:01:10Z;2023-10-07T08:01:15Z;29;CONTINUED
119;2;0;2023-10-07T08:01:15Z;2023-10-07T08:01:45Z;29;INTERRUPTED
120;2;2;2023-10-07T08:04:35Z;2023-10-07T08:04:35Z;0;STARTED
120;2;2;2023-10-07T08:04:35Z;2023-10-07T08:07:44Z;189;COMPLETE
121;2;0;2023-10-07T14:11:31Z;2023-10-07T14:11:31Z;0;STARTED
121;2;0;2023-10-07T14:11:31Z;2023-10-07T14:11:36Z;5;PAUSED
121;2;0;2023-10-07T14:11:36Z;2023-10-07T14:12:06Z;5;INTERRUPTED
122;2;0;2023-10-07T14:11:36Z;2023-10-07T14:11:36Z;0;STARTED
122;2;0;2023-10-07T14:11:36Z;2023-10-07T14:14:43Z;187;COMPLETE
123;2;1;2023-10-07T14:19:57Z;2023-10-07T14:19:57Z;0;STARTED
123;2;1;2023-10-07T14:19:57Z;2023-10-07T14:20:11Z;14;PAUSED
123;2;1;2023-10-07T14:20:11Z;2023-10-07T14:20:41Z;14;INTERRUPTED
124;2;1;2023-10-07T14:20:11Z;2023-10-07T14:20:11Z;0;STARTED
124;2;1;2023-10-07T14:20:11Z;2023-10-07T14:23:21Z;190;COMPLETE
125;2;1;2023-10-07T14:25:05Z;2023-10-07T14:25:05Z;0;STARTED
125;2;1;2023-10-07T14:25:05Z;2023-10-07T14:28:10Z;185;COMPLETE
126;2;2;2023-10-07T14:32:51Z;2023-10-07T14:32:51Z;0;STARTED
126;2;2;2023-10-07T14:32:51Z;2023-10-07T14:34:01Z;70;PAUSED
126;2;2;2023-10-07T14:34:01Z;2023-10-07T14:34:31Z;70;INTERRUPTED
127;2;0;2023-10-07T14:36:27Z;2023-10-07T14:36:27Z;0;STARTED
127;2;0;2023-10-07T14:36:27Z;2023-10-07T14:39:28Z;181;COMPLETE
128;2;1;2023-10-07T14:45:12Z;2023-10-07T14:45:12Z;0;STARTED
128;2;1;2023-10-07T14:45:12Z;2023-10-07T14:48:15Z;183;COMPLETE
129;2;2;2023-10-07T14:52:11Z;2023-10-07T14:52:11Z;0;STARTED
129;2;2;2023-10-07T14:52:11Z;2023-10-07T14:55:17Z;186;COMPLETE
130;2;0;2023-10-09T05:00:00Z;2023-10-09T05:00:00Z;0;STARTED
130;2;0;2023-10-09T05:00:00Z;2023-10-09T05:03:06Z;186;COMPLETE
131;2;0;2023-10-09T05:03:58Z;2023-10-09T05:03:58Z;0;STARTED
131;2;0;2023-10-09T05:03:58Z;2023-10-09T05:07:05Z;187;COMPLETE
132;2;0;2023-10-09T05:12:16Z;2023-10-09T05:12:16Z;0;STARTED
132;2;0;2023-10-09T05:12:16Z;2023-10-09T05:15:24Z;188;COMPLETE
133;2;1;2023-10-09T05:15:47Z;2023-10-09T05:15:47Z;0;STARTED
133;2;1;2023-10-09T05:15:47Z;2023-10-09T05:16:10Z;23;PAUSED
133;2;1;2023-10-09T05:16:10Z;2023-10-09T05:16:28Z;23;CONTINUED
133;2;1;2023-10-09T05:16:28Z;2023-10-09T05:16:58Z;23;INTERRUPTED
134;2;0;2023-10-09T05:20:49Z;2023-10-09T05:20:49Z;0;STARTED
134;2;0;2023-10-09T05:20:49Z;2023-10-09T05:23:55Z;186;COMPLETE
135;2;0;2023-10-09T05:28:25Z;2023-10-09T05:28:25Z;0;STARTED
135;2;0;2023-10-09T05:28:25Z;2023-10-09T05:31:26Z;181;COMPLETE
136;2;0;2023-10-09T05:35:32Z;2023-10-09T05:35:32Z;0;STARTED
136;2;0;2023-10-09T05:35:32Z;2023-10-09T05:38:37Z;185;COMPLETE
137;2;2;2023-10-09T05:43:55Z;2023-10-09T05:43:55Z;0;STARTED
137;2;2;2023-10-09T05:43:55Z;2023-10-09T05:47:05Z;190;COMPLETE
138;2;1;2023-10-10T05:00:00Z;2023-10-10T05:00:00Z;0;STARTED
138;2;1;2023-10-10T05:00:00Z;2023-10-10T05:03:09Z;189;COMPLETE
139;2;0;2023-10-10T05:05:02Z;2023-10-10T05:05:02Z;0;STARTED
139;2;0;2023-10-10T05:05:02Z;2023-10-10T05:05:20Z;18;PAUSED
139;2;0;2023-10-10T05:05:20Z;2023-10-10T05:05:43Z;18;CONTINUED
139;2;0;2023-10-10T05:05:43Z;2023-10-10T05:05:48Z;23;PAUSED
139;2;0;2023-10-10T05:05:48Z;2023-10-10T05:05:53Z;23;CONTINUED
139;2;0;2023-10-10T05:05:53Z;2023-10-10T05:06:04Z;34;PAUSED
139;2;0;2023-10-10T05:06:04Z;2023-10-10T05:06:15Z;34;CONTINUED
139;2;0;2023-10-10T05:06:15Z;2023-10-10T05:06:23Z;42;PAUSED
139;2;0;2023-10-10T05:06:23Z;2023-10-10T05:06:53Z;42;INTERRUPTED
140;2;0;2023-10-10T05:09:49Z;2023-10-10T05:09:49Z;0;STARTED
140;2;0;2023-10-10T05:09:49Z;2023-10-10T05:12:49Z;180;COMPLETE
141;2;1;2023-10-10T05:13:39Z;2023-10-10T05:13:39Z;0;STARTED
141;2;1;2023-10-10T05:13:39Z;2023-10-10T05:13:56Z;17;PAUSED
141;2;1;2023-10-10T05:13:56Z;2023-10-10T05:14:24Z;17;CONTINUED
141;2;1;2023-10-10T05:14:24Z;2023-10-10T05:14:37Z;30;PAUSED
141;2;1;2023-10-10T05:14:37Z;2023-10-10T05:15:01Z;30;CONTINUED
141;2;1;2023-10-10T05:15:01Z;2023-10-10T05:15:06Z;35;PAUSED
141;2;1;2023-10-10T05:15:06Z;2023-10-10T05:15:17Z;35;CONTINUED
141;2;1;2023-10-10T05:15:17Z;2023-10-10T05:15:23Z;41;PAUSED
141;2;1;2023-10-10T05:15:23Z;2023-10-10T05:15:53Z;41;INTERRUPTED
142;2;2;2023-10-10T05:17:40Z;2023-10-10T05:17:40Z;0;STARTED
142;2;2;2023-10-10T05:17:40Z;2023-10-10T05:20:43Z;183;COMPLETE
143;2;2;2023-10-10T05:24:09Z;2023-10-10T05:24:09Z;0;STARTED
143;2;2;2023-10-10T05:24:09Z;2023-10-10T05:24:47Z;38;PAUSED
143;2;2;2023-10-10T05:24:47Z;2023-10-10T05:25:17Z;38;INTERRUPTED
144;2;2;2023-10-10T05:24:47Z;2023-10-10T05:24:47Z;0;STARTED
144;2;2;2023-10-10T05:24:47Z;2023-10-10T05:24:58Z;11;PAUSED
144;2;2;2023-10-10T05:24:58Z;2023-10-10T05:25:05Z;11;CONTINUED
144;2;2;2023-10-10T05:25:05Z;2023-10-10T05:25:20Z;26;PAUSED
144;2;2;2023-10-10T05:25:20Z;2023-10-10T05:25:48Z;26;CONTINUED
144;2;2;2023-10-10T05:25:48Z;2023-10-10T05:25:55Z;33;PAUSED
144;2;2;2023-10-10T05:25:55Z;2023-10-10T05:26:21Z;33;CONTINUED
144;2;2;2023-10-10T05:26:21Z;2023-10-10T05:26:38Z;50;PAUSED
144;2;2;2023-10-10T05:26:38Z;2023-10-10T05:27:08Z;50;INTERRUPTED
145;2;1;2023-10-10T07:58:24Z;2023-10-10T07:58:24Z;0;STARTED
145;2;1;2023-10-10T07:58:24Z;2023-10-10T07:58:29Z;5;PAUSED
145;2;1;2023-10-10T07:58:29Z;2023-10-10T07:58:56Z;5;CONTINUED
145;2;1;2023-10-10T07:58:56Z;2023-10-10T07:59:13Z;22;PAUSED
145;2;1;2023-10-10T07:59:13Z;2023-10-10T07:59:43Z;22;INTERRUPTED
146;2;1;2023-10-10T07:59:13Z;2023-10-10T07:59:13Z;0;STARTED
146;2;1;2023-10-10T07:59:13Z;2023-10-10T08:00:06Z;53;PAUSED
146;2;1;2023-10-10T08:00:06Z;2023-10-10T08:00:18Z;53;CONTINUED
146;2;1;2023-10-10T08:00:18Z;2023-10-10T08:00:55Z;90;PAUSED
146;2;1;2023-10-10T08:00:55Z;2023-10-10T08:01:16Z;90;CONTINUED
146;2;1;2023-10-10T08:01:16Z;2023-10-10T08:01:46Z;90;INTERRUPTED
147;2;2;2023-10-10T08:07:33Z;2023-10-10T08:07:33Z;0;STARTED
147;2;2;2023-10-10T08:07:33Z;2023-10-10T08:07:40Z;7;PAUSED
147;2;2;2023-10-10T08:07:40Z;2023-10-10T08:08:10Z;7;INTERRUPTED
148;2;2;2023-10-10T08:08:10Z;2023-10-10T08:08:10Z;0;STARTED
148;2;2;2023-10-10T08:08:10Z;2023-10-10T08:11:11Z;181;COMPLETE
149;2;1;2023-10-10T08:16:32Z;2023-10-10T08:16:32Z;0;STARTED
149;2;1;2023-10-10T08:16:32Z;2023-10-10T08:16:37Z;5;PAUSED
149;2;1;2023-10-10T08:16:37Z;2023-10-10T08:16:50Z;5;CONTINUED
149;2;1;2023-10-10T08:16:50Z;2023-10-10T08:17:40Z;55;PAUSED
149;2;1;2023-10-10T08:17:40Z;2023-10-10T08:17:55Z;55;CONTINUED
149;2;1;2023-10-10T08:17:55Z;2023-10-10T08:18:25Z;55;INTERRUPTED
150;2;1;2023-10-10T08:24:25Z;2023-10-10T08:24:25Z;0;STARTED
150;2;1;2023-10-10T08:24:25Z;2023-10-10T08:25:08Z;43;PAUSED
150;2;1;2023-10-10T08:25:08Z;2023-10-10T08:25:23Z;43;CONTINUED
150;2;1;2023-10-10T08:25:23Z;2023-10-10T08:25:30Z;50;PAUSED
150;2;1;2023-10-10T08:25:30Z;2023-10-10T08:26:00Z;50;INTERRUPTED
151;2;2;2023-10-10T08:27:55Z;2023-10-10T08:27:55Z;0;STARTED
151;2;2;2023-10-10T08:27:55Z;2023-10-10T08:31:01Z;186;COMPLETE
152;2;0;2023-10-10T10:26:52Z;2023-10-10T10:26:52Z;0;STARTED
152;2;0;2023-10-10T10:26:52Z;2023-10-10T10:27:11Z;19;PAUSED
152;2;0;2023-10-10T10:27:11Z;2023-10-10T10:27:16Z;19;CONTINUED
152;2;0;2023-10-10T10:27:16Z;2023-10-10T10:27:51Z;54;PAUSED
152;2;0;2023-10-10T10:27:51Z;2023-10-10T10:28:21Z;54;INTERRUPTED
153;2;1;2023-10-10T10:28:31Z;2023-10-10T10:28:31Z;0;STARTED
153;2;1;2023-10-10T10:28:31Z;2023-10-10T10:29:54Z;83;PAUSED
153;2;1;2023-10-10T10:29:54Z;2023-10-10T10:30:24Z;83;INTERRUPTED
154;2;1;2023-10-10T10:30:24Z;2023-10-10T10:30:24Z;0;STARTED
154;2;1;2023-10-10T10:30:24Z;2023-10-10T10:33:31Z;187;COMPLETE
155;2;0;2023-10-10T10:38:13Z;2023-10-10T10:38:13Z;0;STARTED
155;2;0;2023-10-10T10:38:13Z;2023-10-10T10:41:18Z;185;COMPLETE
156;2;1;2023-10-10T10:46:06Z;2023-10-10T10:46:06Z;0;STARTED
156;2;1;2023-10-10T10:46:06Z;2023-10-10T10:47:02Z;56;PAUSED
156;2;1;2023-10-10T10:47:02Z;2023-10-10T10:47:21Z;56;CONTINUED
156;2;1;2023-10-10T10:47:21Z;2023-10-10T10:47:50Z;85;PAUSED
156;2;1;2023-10-10T10:47:50Z;2023-10-10T10:48:20Z;85;INTERRUPTED
157;2;0;2023-10-10T10:52:33Z;2023-10-10T10:52:33Z;0;STARTED
157;2;0;2023-10-10T10:52:33Z;2023-10-10T10:55:42Z;189;COMPLETE
158;2;0;2023-10-10T10:58:22Z;2023-10-10T10:58:22Z;0;STARTED
158;2;0;2023-10-10T10:58:22Z;2023-10-10T11:01:23Z;181;COMPLETE
159;2;2;2023-10-10T11:02:25Z;2023-10-10T11:02:25Z;0;STARTED
159;2;2;2023-10-10T11:02:25Z;2023-10-10T11:05:31Z;186;COMPLETE
160;2;2;2023-10-10T11:09:43Z;2023-10-10T11:09:43Z;0;STARTED
160;2;2;2023-10-10T11:09:43Z;2023-10-10T11:12:53Z;190;COMPLETE
161;2;0;2023-10-10T14:42:04Z;2023-10-10T14:42:04Z;0;STARTED
161;2;0;2023-10-10T14:42:04Z;2023-10-10T14:42:16Z;12;PAUSED
161;2;0;2023-10-10T14:42:16Z;2023-10-10T14:42:21Z;12;CONTINUED
161;2;0;2023-10-10T14:42:21Z;2023-10-10T14:42:35Z;26;PAUSED
161;2;0;2023-10-10T14:42:35Z;2023-10-10T14:42:42Z;26;CONTINUED
161;2;0;2023-10-10T14:42:42Z;2023-10-10T14:42:47Z;31;PAUSED
161;2;0;2023-10-10T14:42:47Z;2023-10-10T14:43:17Z;31;CONTINUED
161;2;0;2023-10-10T14:43:17Z;2023-10-10T14:43:29Z;43;PAUSED
161;2;0;2023-10-10T14:43:29Z;2023-10-10T14:43:59Z;43;INTERRUPTED
162;2;1;2023-10-10T14:45:40Z;2023-10-10T14:45:40Z;0;STARTED
162;2;1;2023-10-10T14:45:40Z;2023-10-10T14:46:12Z;32;PAUSED
162;2;1;2023-10-10T14:46:12Z;2023-10-10T14:46:17Z;32;CONTINUED
162;2;1;2023-10-10T14:46:17Z;2023-10-10T14:46:47Z;32;INTERRUPTED
163;2;1;2023-10-10T14:48:47Z;2023-10-10T14:48:47Z;0;STARTED
163;2;1;2023-10-10T14:48:47Z;2023-10-10T14:51:51Z;184;COMPLETE
164;2;0;2023-10-10T14:56:41Z;2023-10-10T14:56:41Z;0;STARTED
164;2;0;2023-10-10T14:56:41Z;2023-10-10T14:56:47Z;6;PAUSED
164;2;0;2023-10-10T14:56:47Z;2023-10-10T14:57:03Z;6;CONTINUED
164;2;0;2023-10-10T14:57:03Z;2023-10-10T14:57:10Z;13;PAUSED
164;2;0;2023-10-10T14:57:10Z;2023-10-10T14:57:35Z;13;CONTINUED
164;2;0;2023-10-10T14:57:35Z;2023-10-10T14:57:40Z;18;PAUSED
164;2;0;2023-10-10T14:57:40Z;2023-10-10T14:57:46Z;18;CONTINUED
164;2;0;2023-10-10T14:57:46Z;2023-10-10T14:57:51Z;23;PAUSED
164;2;0;2023-10-10T14:57:51Z;2023-10-10T14:58:21Z;23;INTERRUPTED
165;2;0;2023-10-10T15:02:25Z;2023-10-10T15:02:25Z;0;STARTED
165;2;0;2023-10-10T15:02:25Z;2023-10-10T15:02:59Z;34;PAUSED
165;2;0;2023-10-10T15:02:59Z;2023-10-10T15:03:09Z;34;CONTINUED
165;2;0;2023-10-10T15:03:09Z;2023-10-10T15:03:39Z;34;INTERRUPTED
166;2;2;2023-10-10T15:07:10Z;2023-10-10T15:07:10Z;0;STARTED
166;2;2;2023-10-10T15:07:10Z;2023-10-10T15:10:13Z;183;COMPLETE
167;2;1;2023-10-11T05:00:00Z;2023-10-11T05:00:00Z;0;STARTED
167;2;1;2023-10-11T05:00:00Z;2023-10-11T05:03:04Z;184;COMPLETE
168;2;0;2023-10-11T05:08:25Z;2023-10-11T05:08:25Z;0;STARTED
168;2;0;2023-10-11T05:08:25Z;2023-10-11T05:08:40Z;15;PAUSED
168;2;0;2023-10-11T05:08:40Z;2023-10-11T05:08:48Z;15;CONTINUED
168;2;0;2023-10-11T05:08:48Z;2023-10-11T05:09:18Z;15;INTERRUPTED
169;2;1;2023-10-11T05:11:40Z;2023-10-11T05:11:40Z;0;STARTED
169;2;1;2023-10-11T05:11:40Z;2023-10-11T05:14:48Z;188;COMPLETE
170;2;0;2023-10-11T05:17:14Z;2023-10-11T05:17:14Z;0;STARTED
170;2;0;2023-10-11T05:17:14Z;2023-10-11T05:17:27Z;13;PAUSED
170;2;0;2023-10-11T05:17:27Z;2023-10-11T05:17:49Z;13;CONTINUED
170;2;0;2023-10-11T05:17:49Z;2023-10-11T05:17:56Z;20;PAUSED
170;2;0;2023-10-11T05:17:56Z;2023-10-11T05:18:18Z;20;CONTINUED
170;2;0;2023-10-11T05:18:18Z;2023-10-11T05:18:35Z;37;PAUSED
170;2;0;2023-10-11T05:18:35Z;2023-10-11T05:19:00Z;37;CONTINUED
170;2;0;2023-10-11T05:19:00Z;2023-10-11T05:19:30Z;37;INTERRUPTED
171;2;2;2023-10-11T05:20:01Z;2023-10-11T05:20:01Z;0;STARTED
171;2;2;2023-10-11T05:20:01Z;2023-10-11T05:23:06Z;185;COMPLETE
172;2;0;2023-10-11T08:44:42Z;2023-10-11T08:44:42Z;0;STARTED
172;2;0;2023-10-11T08:44:42Z;2023-10-11T08:45:27Z;45;PAUSED
172;2;0;2023-10-11T08:45:27Z;2023-10-11T08:45:55Z;45;CONTINUED
172;2;0;2023-10-11T08:45:55Z;2023-10-11T08:46:29Z;79;PAUSED
172;2;0;2023-10-11T08:46:29Z;2023-10-11T08:46:37Z;79;CONTINUED
172;2;0;2023-10-11T08:46:37Z;2023-10-11T08:47:07Z;79;INTERRUPTED
173;2;1;2023-10-11T08:49:40Z;2023-10-11T08:49:40Z;0;STARTED
173;2;1;2023-10-11T08:49:40Z;2023-10-11T08:52:46Z;186;COMPLETE
174;2;0;2023-10-11T08:53:26Z;2023-10-11T08:53:26Z;0;STARTED
174;2;0;2023-10-11T08:53:26Z;2023-10-11T08:56:28Z;182;COMPLETE
175;2;2;2023-10-11T09:02:20Z;2023-10-11T09:02:20Z;0;STARTED
175;2;2;2023-10-11T09:02:20Z;2023-10-11T09:05:28Z;188;COMPLETE
176;2;2;2023-10-11T09:08:35Z;2023-10-11T09:08:35Z;0;STARTED
176;2;2;2023-10-11T09:08:35Z;2023-10-11T09:09:59Z;84;PAUSED
176;2;2;2023-10-11T09:09:59Z;2023-10-11T09:10:29Z;84;INTERRUPTED
177;2;2;2023-10-11T09:09:59Z;2023-10-11T09:09:59Z;0;STARTED
177;2;2;2023-10-11T09:09:59Z;2023-10-11T09:10:39Z;40;PAUSED
177;2;2;2023-10-11T09:10:39Z;2023-10-11T09:10:48Z;40;CONTINUED
177;2;2;2023-10-11T09:10:48Z;2023-10-11T09:11:18Z;40;INTERRUPTED
178;2;1;2023-10-12T05:00:00Z;2023-10-12T05:00:00Z;0;STARTED
178;2;1;2023-10-12T05:00:00Z;2023-10-12T05:03:07Z;187;COMPLETE
179;2;0;2023-10-12T05:06:38Z;2023-10-12T05:06:38Z;0;STARTED
179;2;0;2023-10-12T05:06:38Z;2023-10-12T05:09:43Z;185;COMPLETE
180;2;1;2023-10-12T05:11:45Z;2023-10-12T05:11:45Z;0;STARTED
180;2;1;2023-10-12T05:11:45Z;2023-10-12T05:14:55Z;190;COMPLETE
181;2;0;2023-10-12T05:17:49Z;2023-10-12T05:17:49Z;0;STARTED
181;2;0;2023-10-12T05:17:49Z;2023-10-12T05:18:12Z;23;PAUSED
181;2;0;2023-10-12T05:18:12Z;2023-10-12T05:18:19Z;23;CONTINUED
181;2;0;2023-10-12T05:18:19Z;2023-10-12T05:18:26Z;30;PAUSED
181;2;0;2023-10-12T05:18:26Z;2023-10-12T05:18:42Z;30;CONTINUED
181;2;0;2023-10-12T05:18:42Z;2023-10-12T05:19:12Z;30;INTERRUPTED
182;2;0;2023-10-12T05:22:31Z;2023-10-12T05:22:31Z;0;STARTED
182;2;0;2023-10-12T05:22:31Z;2023-10-12T05:23:25Z;54;PAUSED
182;2;0;2023-10-12T05:23:25Z;2023-10-12T05:23:55Z;54;INTERRUPTED
183;2;2;2023-10-12T05:29:28Z;2023-10-12T05:29:28Z;0;STARTED
183;2;2;2023-10-12T05:29:28Z;2023-10-12T05:29:33Z;5;PAUSED
183;2;2;2023-10-12T05:29:33Z;2023-10-12T05:29:42Z;5;CONTINUED
183;2;2;2023-10-12T05:29:42Z;2023-10-12T05:29:57Z;20;PAUSED
183;2;2;2023-10-12T05:29:57Z;2023-10-12T05:30:25Z;20;CONTINUED
183;2;2;2023-10-12T05:30:25Z;2023-10-12T05:30:35Z;30;PAUSED
183;2;2;2023-10-12T05:30:35Z;2023-10-12T05:30:51Z;30;CONTINUED
183;2;2;2023-10-12T05:30:51Z;2023-10-12T05:31:01Z;40;PAUSED
183;2;2;2023-10-12T05:31:01Z;2023-10-12T05:31:31Z;40;INTERRUPTED
184;2;1;2023-10-12T05:36:14Z;2023-10-12T05:36:14Z;0;STARTED
184;2;1;2023-10-12T05:36:14Z;2023-10-12T05:39:21Z;187;COMPLETE
185;2;2;2023-10-12T05:42:21Z;2023-10-12T05:42:21Z;0;STARTED
185;2;2;2023-10-12T05:42:21Z;2023-10-12T05:45:22Z;181;COMPLETE
186;2;0;2023-10-13T05:00:00Z;2023-10-13T05:00:00Z;0;STARTED
186;2;0;2023-10-13T05:00:00Z;2023-10-13T05:03:07Z;187;COMPLETE
187;2;2;2023-10-13T05:07:28Z;2023-10-13T05:07:28Z;0;STARTED
187;2;2;2023-10-13T05:07:28Z;2023-10-13T05:10:28Z;180;COMPLETE
188;2;0;2023-10-13T05:14:14Z;2023-10-13T05:14:14Z;0;STARTED
188;2;0;2023-10-13T05:14:14Z;2023-10-13T05:17:16Z;182;COMPLETE
189;2;0;2023-10-13T05:21:31Z;2023-10-13T05:21:31Z;0;STARTED
189;2;0;2023-10-13T05:21:31Z;2023-10-13T05:24:36Z;185;COMPLETE
190;2;0;2023-10-13T05:28:34Z;2023-10-13T05:28:34Z;0;STARTED
190;2;0;2023-10-13T05:28:34Z;2023-10-13T05:31:39Z;185;COMPLETE
191;2;2;2023-10-13T05:34:46Z;2023-10-13T05:34:46Z;0;STARTED
191;2;2;2023-10-13T05:34:46Z;2023-10-13T05:37:46Z;180;COMPLETE
192;2;0;2023-10-13T10:09:43Z;2023-10-13T10:09:43Z;0;STARTED
192;2;0;2023-10-13T10:09:43Z;2023-10-13T10:09:52Z;9;PAUSED
192;2;0;2023-10-13T10:09:52Z;2023-10-13T10:10:22Z;9;INTERRUPTED
193;2;0;2023-10-13T10:10:22Z;2023-10-13T10:10:22Z;0;STARTED
193;2;0;2023-10-13T10:10:22Z;2023-10-13T10:13:25Z;183;COMPLETE
194;2;0;2023-10-13T10:17:42Z;2023-10-13T10:17:42Z;0;STARTED
194;2;0;2023-10-13T10:17:42Z;2023-10-13T10:20:42Z;180;COMPLETE
195;2;2;2023-10-13T10:23:53Z;2023-10-13T10:23:53Z;0;STARTED
195;2;2;2023-10-13T10:23:53Z;2023-10-13T10:24:02Z;9;PAUSED
195;2;2;2023-10-13T10:24:02Z;2023-10-13T10:24:08Z;9;CONTINUED
195;2;2;2023-10-13T10:24:08Z;2023-10-13T10:24:13Z;14;PAUSED
195;2;2;2023-10-13T10:24:13Z;2023-10-13T10:24:27Z;14;CONTINUED
195;2;2;2023-10-13T10:24:27Z;2023-10-13T10:24:32Z;19;PAUSED
195;2;2;2023-10-13T10:24:32Z;2023-10-13T10:25:00Z;19;CONTINUED
195;2;2;2023-10-13T10:25:00Z;2023-10-13T10:25:30Z;19;INTERRUPTED
196;2;0;2023-10-13T10:26:26Z;2023-10-13T10:26:26Z;0;STARTED
196;2;0;2023-10-13T10:26:26Z;2023-10-13T10:26:38Z;12;PAUSED
196;2;0;2023-10-13T10:26:38Z;2023-10-13T10:26:55Z;12;CONTINUED
196;2;0;2023-10-13T10:26:55Z;2023-10-13T10:27:25Z;12;INTERRUPTED
197;2;2;2023-10-13T10:31:59Z;2023-10-13T10:31:59Z;0;STARTED
197;2;2;2023-10-13T10:31:59Z;2023-10-13T10:35:09Z;190;COMPLETE
198;2;2;2023-10-13T10:40:22Z;2023-10-13T10:40:22Z;0;STARTED
198;2;2;2023-10-13T10:40:22Z;2023-10-13T10:43:23Z;181;COMPLETE
199;2;1;2023-10-14T10:20:55Z;2023-10-14T10:20:55Z;0;STARTED
199;2;1;2023-10-14T10:20:55Z;2023-10-14T10:24:02Z;187;COMPLETE
200;2;2;2023-10-14T10:25:53Z;2023-10-14T10:25:53Z;0;STARTED
200;2;2;2023-10-14T10:25:53Z;2023-10-14T10:26:12Z;19;PAUSED
200;2;2;2023-10-14T10:26:12Z;2023-10-14T10:26:41Z;19;CONTINUED
200;2;2;2023-10-14T10:26:41Z;2023-10-14T10:26:52Z;30;PAUSED
200;2;2;2023-10-14T10:26:52Z;2023-10-14T10:27:04Z;30;CONTINUED
200;2;2;2023-10-14T10:27:04Z;2023-10-14T10:27:09Z;35;PAUSED
200;2;2;2023-10-14T10:27:09Z;2023-10-14T10:27:32Z;35;CONTINUED
200;2;2;2023-10-14T10:27:32Z;2023-10-14T10:28:02Z;35;INTERRUPTED
201;2;0;2023-10-14T10:31:05Z;2023-10-14T10:31:05Z;0;STARTED
201;2;0;2023-10-14T10:31:05Z;2023-10-14T10:31:47Z;42;PAUSED
201;2;0;2023-10-14T10:31:47Z;2023-10-14T10:32:04Z;42;CONTINUED
201;2;0;2023-10-14T10:32:04Z;2023-10-14T10:32:21Z;59;PAUSED
201;2;0;2023-10-14T10:32:21Z;2023-10-14T10:32:42Z;59;CONTINUED
201;2;0;2023-10-14T10:32:42Z;2023-10-14T10:33:12Z;59;INTERRUPTED
202;2;1;2023-10-14T10:35:57Z;2023-10-14T10:35:57Z;0;STARTED
202;2;1;2023-10-14T10:35:57Z;2023-10-14T10:36:08Z;11;PAUSED
202;2;1;2023-10-14T10:36:08Z;2023-10-14T10:36:18Z;11;CONTINUED
202;2;1;2023-10-14T10:36:18Z;2023-10-14T10:36:26Z;19;PAUSED
202;2;1;2023-10-14T10:36:26Z;2023-10-14T10:36:49Z;19;CONTINUED
202;2;1;2023-10-14T10:36:49Z;2023-10-14T10:37:01Z;31;PAUSED
202;2;1;2023-10-14T10:37:01Z;2023-10-14T10:37:18Z;31;CONTINUED
202;2;1;2023-10-14T10:37:18Z;2023-10-14T10:37:48Z;31;INTERRUPTED
203;2;1;2023-10-14T10:39:02Z;2023-10-14T10:39:02Z;0;STARTED
203;2;1;2023-10-14T10:39:02Z;2023-10-14T10:39:43Z;41;PAUSED
203;2;1;2023-10-14T10:39:43Z;2023-10-14T10:39:58Z;41;CONTINUED
203;2;1;2023-10-14T10:39:58Z;2023-10-14T10:40:53Z;96;PAUSED
203;2;1;2023-10-14T10:40:53Z;2023-10-14T10:41:20Z;96;CONTINUED
203;2;1;2023-10-14T10:41:20Z;2023-10-14T10:41:50Z;96;INTERRUPTED
204;2;2;2023-10-14T10:43:04Z;2023-10-14T10:43:04Z;0;STARTED
204;2;2;2023-10-14T10:43:04Z;2023-10-14T10:46:08Z;184;COMPLETE
205;2;0;2023-10-14T14:03:33Z;2023-10-14T14:03:33Z;0;STARTED
205;2;0;2023-10-14T14:03:33Z;2023-10-14T14:04:17Z;44;PAUSED
205;2;0;2023-10-14T14:04:17Z;2023-10-14T14:04:47Z;44;INTERRUPTED
206;2;2;2023-10-14T14:06:24Z;2023-10-14T14:06:24Z;0;STARTED
206;2;2;2023-10-14T14:06:24Z;2023-10-14T14:09:24Z;180;COMPLETE
207;2;0;2023-10-14T14:10:43Z;2023-10-14T14:10:43Z;0;STARTED
207;2;0;2023-10-14T14:10:43Z;2023-10-14T14:13:43Z;180;COMPLETE
208;2;1;2023-10-14T14:14:47Z;2023-10-14T14:14:47Z;0;STARTED
208;2;1;2023-10-14T14:14:47Z;2023-10-14T14:16:43Z;116;PAUSED
208;2;1;2023-10-14T14:16:43Z;2023-10-14T14:17:13Z;116;INTERRUPTED
209;2;0;2023-10-14T14:19:32Z;2023-10-14T14:19:32Z;0;STARTED
209;2;0;2023-10-14T14:19:32Z;2023-10-14T14:22:39Z;187;COMPLETE
210;2;2;2023-10-14T14:24:10Z;2023-10-14T14:24:10Z;0;STARTED
210;2;2;2023-10-14T14:24:10Z;2023-10-14T14:27:10Z;180;COMPLETE
211;2;0;2023-10-16T13:05:26Z;2023-10-16T13:05:26Z;0;STARTED
211;2;0;2023-10-16T13:05:26Z;2023-10-16T13:08:31Z;185;COMPLETE
212;2;0;2023-10-16T13:11:39Z;2023-10-16T13:11:39Z;0;STARTED
212;2;0;2023-10-16T13:11:39Z;2023-10-16T13:14:39Z;180;COMPLETE
213;2;0;2023-10-16T13:16:36Z;2023-10-16T13:16:36Z;0;STARTED
213;2;0;2023-10-16T13:16:36Z;2023-10-16T13:19:44Z;188;COMPLETE
214;2;0;2023-10-16T13:24:06Z;2023-10-16T13:24:06Z;0;STARTED
214;2;0;2023-10-16T13:24:06Z;2023-10-16T13:27:06Z;180;COMPLETE
215;2;0;2023-10-16T13:27:29Z;2023-10-16T13:27:29Z;0;STARTED
215;2;0;2023-10-16T13:27:29Z;2023-10-16T13:30:33Z;184;COMPLETE
216;2;2;2023-10-16T13:35:58Z;2023-10-16T13:35:58Z;0;STARTED
216;2;2;2023-10-16T13:35:58Z;2023-10-16T13:36:26Z;28;PAUSED
216;2;2;2023-10-16T13:36:26Z;2023-10-16T13:36:56Z;28;INTERRUPTED
217;2;2;2023-10-16T13:36:56Z;2023-10-16T13:36:56Z;0;STARTED
217;2;2;2023-10-16T13:36:56Z;2023-10-16T13:39:57Z;181;COMPLETE
218;2;2;2023-10-16T13:43:21Z;2023-10-16T13:43:21Z;0;STARTED
218;2;2;2023-10-16T13:43:21Z;2023-10-16T13:46:25Z;184;COMPLETE
219;2;2;2023-10-16T13:49:46Z;2023-10-16T13:49:46Z;0;STARTED
219;2;2;2023-10-16T13:49:46Z;2023-10-16T13:50:26Z;40;PAUSED
219;2;2;2023-10-16T13:50:26Z;2023-10-16T13:50:51Z;40;CONTINUED
219;2;2;2023-10-16T13:50:51Z;2023-10-16T13:51:15Z;64;PAUSED
219;2;2;2023-10-16T13:51:15Z;2023-10-16T13:51:45Z;64;INTERRUPTED
220;2;0;2023-10-17T05:00:00Z;2023-10-17T05:00:00Z;0;STARTED
220;2;0;2023-10-17T05:00:00Z;2023-10-17T05:00:28Z;28;PAUSED
220;2;0;2023-10-17T05:00:28Z;2023-10-17T05:00:58Z;28;INTERRUPTED
221;2;2;2023-10-17T05:03:08Z;2023-10-17T05:03:08Z;0;STARTED
221;2;2;2023-10-17T05:03:08Z;2023-10-17T05:06:16Z;188;COMPLETE
222;2;0;2023-10-17T05:10:27Z;2023-10-17T05:10:27Z;0;STARTED
222;2;0;2023-10-17T05:10:27Z;2023-10-17T05:13:34Z;187;COMPLETE
223;2;1;2023-10-17T05:15:07Z;2023-10-17T05:15:07Z;0;STARTED
223;2;1;2023-10-17T05:15:07Z;2023-10-17T05:18:16Z;189;COMPLETE
224;2;2;2023-10-17T05:20:40Z;2023-10-17T05:20:40Z;0;STARTED
224;2;2;2023-10-17T05:20:40Z;2023-10-17T05:21:10Z;30;PAUSED
224;2;2;2023-10-17T05:21:10Z;2023-10-17T05:21:39Z;30;CONTINUED
224;2;2;2023-10-17T05:21:39Z;2023-10-17T05:22:24Z;75;PAUSED
224;2;2;2023-10-17T05:22:24Z;2023-10-17T05:22:36Z;75;CONTINUED
224;2;2;2023-10-17T05:22:36Z;2023-10-17T05:23:06Z;75;INTERRUPTED
225;2;0;2023-10-17T05:28:39Z;2023-10-17T05:28:39Z;0;STARTED
225;2;0;2023-10-17T05:28:39Z;2023-10-17T05:29:12Z;33;PAUSED
225;2;0;2023-10-17T05:29:12Z;2023-10-17T05:29:22Z;33;CONTINUED
225;2;0;2023-10-17T05:29:22Z;2023-10-17T05:29:59Z;70;PAUSED
225;2;0;2023-10-17T05:29:59Z;2023-10-17T05:30:19Z;70;CONTINUED
225;2;0;2023-10-17T05:30:19Z;2023-10-17T05:30:49Z;70;INTERRUPTED
226;2;0;2023-10-17T05:30:55Z;2023-10-17T05:30:55Z;0;STARTED
226;2;0;2023-10-17T05:30:55Z;2023-10-17T05:34:01Z;186;COMPLETE
227;2;2;2023-10-17T05:38:15Z;2023-10-17T05:38:15Z;0;STARTED
227;2;2;2023-10-17T05:38:15Z;2023-10-17T05:38:34Z;19;PAUSED
227;2;2;2023-10-17T05:38:34Z;2023-10-17T05:39:03Z;19;CONTINUED
227;2;2;2023-10-17T05:39:03Z;2023-10-17T05:39:20Z;36;PAUSED
227;2;2;2023-10-17T05:39:20Z;2023-10-17T05:39:44Z;36;CONTINUED
227;2;2;2023-10-17T05:39:44Z;2023-10-17T05:39:55Z;47;PAUSED
227;2;2;2023-10-17T05:39:55Z;2023-10-17T05:40:25Z;47;INTERRUPTED
228;2;2;2023-10-17T05:40:25Z;2023-10-17T05:40:25Z;0;STARTED
228;2;2;2023-10-17T05:40:25Z;2023-10-17T05:43:30Z;185;COMPLETE
229;2;0;2023-10-17T11:15:06Z;2023-10-17T11:15:06Z;0;STARTED
229;2;0;2023-10-17T11:15:06Z;2023-10-17T11:18:16Z;190;COMPLETE
230;2;2;2023-10-17T11:23:33Z;2023-10-17T11:23:33Z;0;STARTED
230;2;2;2023-10-17T11:23:33Z;2023-10-17T11:26:33Z;180;COMPLETE
231;2;0;2023-10-17T11:31:21Z;2023-10-17T11:31:21Z;0;STARTED
231;2;0;2023-10-17T11:31:21Z;2023-10-17T11:32:09Z;48;PAUSED
231;2;0;2023-10-17T11:32:09Z;2023-10-17T11:32:39Z;48;INTERRUPTED
232;2;0;2023-10-17T11:32:09Z;2023-10-17T11:32:09Z;0;STARTED
232;2;0;2023-10-17T11:32:09Z;2023-10-17T11:32:26Z;17;PAUSED
232;2;0;2023-10-17T11:32:26Z;2023-10-17T11:32:56Z;17;CONTINUED
232;2;0;2023-10-17T11:32:56Z;2023-10-17T11:33:11Z;32;PAUSED
232;2;0;2023-10-17T11:33:11Z;2023-10-17T11:33:21Z;32;CONTINUED
232;2;0;2023-10-17T11:33:21Z;2023-10-17T11:33:27Z;38;PAUSED
232;2;0;2023-10-17T11:33:27Z;2023-10-17T11:33:43Z;38;CONTINUED
232;2;0;2023-10-17T11:33:43Z;2023-10-17T11:34:13Z;38;INTERRUPTED
233;2;1;2023-10-17T11:38:10Z;2023-10-17T11:38:10Z;0;STARTED
233;2;1;2023-10-17T11:38:10Z;2023-10-17T11:41:20Z;190;COMPLETE
234;2;2;2023-10-17T11:44:44Z;2023-10-17T11:44:44Z;0;STARTED
234;2;2;2023-10-17T11:44:44Z;2023-10-17T11:47:44Z;180;COMPLETE
235;2;0;2023-10-18T05:00:00Z;2023-10-18T05:00:00Z;0;STARTED
235;2;0;2023-10-18T05:00:00Z;2023-10-18T05:03:00Z;180;COMPLETE
236;2;0;2023-10-18T05:05:40Z;2023-10-18T05:05:40Z;0;STARTED
236;2;0;2023-10-18T05:05:40Z;2023-10-18T05:08:41Z;181;COMPLETE
237;2;2;2023-10-18T05:10:25Z;2023-10-18T05:10:25Z;0;STARTED
237;2;2;2023-10-18T05:10:25Z;2023-10-18T05:13:35Z;190;COMPLETE
238;2;0;2023-10-18T05:14:34Z;2023-10-18T05:14:34Z;0;STARTED
238;2;0;2023-10-18T05:14:34Z;2023-10-18T05:17:42Z;188;COMPLETE
239;2;2;2023-10-18T05:19:08Z;2023-10-18T05:19:08Z;0;STARTED
239;2;2;2023-10-18T05:19:08Z;2023-10-18T05:22:11Z;183;COMPLETE
240;2;2;2023-10-18T05:26:56Z;2023-10-18T05:26:56Z;0;STARTED
240;2;2;2023-10-18T05:26:56Z;2023-10-18T05:27:38Z;42;PAUSED
240;2;2;2023-10-18T05:27:38Z;2023-10-18T05:28:03Z;42;CONTINUED
240;2;2;2023-10-18T05:28:03Z;2023-10-18T05:28:33Z;42;INTERRUPTED
241;2;1;2023-10-18T11:46:07Z;2023-10-18T11:46:07Z;0;STARTED
241;2;1;2023-10-18T11:46:07Z;2023-10-18T11:49:07Z;180;COMPLETE
242;2;0;2023-10-18T11:49:57Z;2023-10-18T11:49:57Z;0;STARTED
242;2;0;2023-10-18T11:49:57Z;2023-10-18T11:53:01Z;184;COMPLETE
243;2;1;2023-10-18T11:55:08Z;2023-10-18T11:55:08Z;0;STARTED
243;2;1;2023-10-18T11:55:08Z;2023-10-18T11:55:20Z;12;PAUSED
243;2;1;2023-10-18T11:55:20Z;2023-10-18T11:55:29Z;12;CONTINUED
243;2;1;2023-10-18T11:55:29Z;2023-10-18T11:55:38Z;21;PAUSED
243;2;1;2023-10-18T11:55:38Z;2023-10-18T11:55:52Z;21;CONTINUED
243;2;1;2023-10-18T11:55:52Z;2023-10-18T11:56:02Z;31;PAUSED
243;2;1;2023-10-18T11:56:02Z;2023-10-18T11:56:32Z;31;INTERRUPTED
244;2;1;2023-10-18T11:56:32Z;2023-10-18T11:56:32Z;0;STARTED
244;2;1;2023-10-18T11:56:32Z;2023-10-18T11:59:36Z;184;COMPLETE
245;2;0;2023-10-18T12:04:23Z;2023-10-18T12:04:23Z;0;STARTED
245;2;0;2023-10-18T12:04:23Z;2023-10-18T12:05:20Z;57;PAUSED
245;2;0;2023-10-18T12:05:20Z;2023-10-18T12:05:43Z;57;CONTINUED
245;2;0;2023-10-18T12:05:43Z;2023-10-18T12:05:49Z;63;PAUSED
245;2;0;2023-10-18T12:05:49Z;2023-10-18T12:06:19Z;63;INTERRUPTED
246;2;2;2023-10-18T12:11:51Z;2023-10-18T12:11:51Z;0;STARTED
246;2;2;2023-10-18T12:11:51Z;2023-10-18T12:14:54Z;183;COMPLETE
247;2;0;2023-10-19T05:00:00Z;2023-10-19T05:00:00Z;0;STARTED
247;2;0;2023-10-19T05:00:00Z;2023-10-19T05:03:01Z;181;COMPLETE
248;2;1;2023-10-19T05:04:32Z;2023-10-19T05:04:32Z;0;STARTED
248;2;1;2023-10-19T05:04:32Z;2023-10-19T05:04:40Z;8;PAUSED
248;2;1;2023-10-19T05:04:40Z;2023-10-19T05:05:06Z;8;CONTINUED
248;2;1;2023-10-19T05:05:06Z;2023-10-19T05:05:33Z;35;PAUSED
248;2;1;2023-10-19T05:05:33Z;2023-10-19T05:06:03Z;35;INTERRUPTED
249;2;1;2023-10-19T05:05:33Z;2023-10-19T05:05:33Z;0;STARTED
249;2;1;2023-10-19T05:05:33Z;2023-10-19T05:05:47Z;14;PAUSED
249;2;1;2023-10-19T05:05:47Z;2023-10-19T05:06:12Z;14;CONTINUED
249;2;1;2023-10-19T05:06:12Z;2023-10-19T05:06:27Z;29;PAUSED
249;2;1;2023-10-19T05:06:27Z;2023-10-19T05:06:50Z;29;CONTINUED
249;2;1;2023-10-19T05:06:50Z;2023-10-19T05:06:55Z;34;PAUSED
249;2;1;2023-10-19T05:06:55Z;2023-10-19T05:07:25Z;34;CONTINUED
249;2;1;2023-10-19T05:07:25Z;2023-10-19T05:07:55Z;34;INTERRUPTED
250;2;0;2023-10-19T05:08:34Z;2023-10-19T05:08:34Z;0;STARTED
250;2;0;2023-10-19T05:08:34Z;2023-10-19T05:09:29Z;55;PAUSED
250;2;0;2023-10-19T05:09:29Z;2023-10-19T05:09:59Z;55;INTERRUPTED
251;2;2;2023-10-19T05:11:36Z;2023-10-19T05:11:36Z;0;STARTED
251;2;2;2023-10-19T05:11:36Z;2023-10-19T05:14:39Z;183;COMPLETE
252;2;1;2023-10-19T05:14:49Z;2023-10-19T05:14:49Z;0;STARTED
252;2;1;2023-10-19T05:14:49Z;2023-10-19T05:17:51Z;182;COMPLETE
253;2;2;2023-10-19T05:19:36Z;2023-10-19T05:19:36Z;0;STARTED
253;2;2;2023-10-19T05:19:36Z;2023-10-19T05:22:39Z;183;COMPLETE
254;2;0;2023-10-19T07:50:34Z;2023-10-19T07:50:34Z;0;STARTED
254;2;0;2023-10-19T07:50:34Z;2023-10-19T07:53:34Z;180;COMPLETE
255;2;2;2023-10-19T07:53:41Z;2023-10-19T07:53:41Z;0;STARTED
255;2;2;2023-10-19T07:53:41Z;2023-10-19T07:56:46Z;185;COMPLETE
256;2;0;2023-10-19T08:00:10Z;2023-10-19T08:00:10Z;0;STARTED
256;2;0;2023-10-19T08:00:10Z;2023-10-19T08:00:30Z;20;PAUSED
256;2;0;2023-10-19T08:00:30Z;2023-10-19T08:00:44Z;20;CONTINUED
256;2;0;2023-10-19T08:00:44Z;2023-10-19T08:00:49Z;25;PAUSED
256;2;0;2023-10-19T08:00:49Z;2023-10-19T08:01:09Z;25;CONTINUED
256;2;0;2023-10-19T08:01:09Z;2023-10-19T08:01:26Z;42;PAUSED
256;2;0;2023-10-19T08:01:26Z;2023-10-19T08:01:39Z;42;CONTINUED
256;2;0;2023-10-19T08:01:39Z;2023-10-19T08:02:09Z;42;INTERRUPTED
257;2;1;2023-10-19T08:08:00Z;2023-10-19T08:08:00Z;0;STARTED
257;2;1;2023-10-19T08:08:00Z;2023-10-19T08:08:15Z;15;PAUSED
257;2;1;2023-10-19T08:08:15Z;2023-10-19T08:08:45Z;15;INTERRUPTED
258;2;1;2023-10-19T08:08:15Z;2023-10-19T08:08:15Z;0;STARTED
258;2;1;2023-10-19T08:08:15Z;2023-10-19T08:09:25Z;70;PAUSED
258;2;1;2023-10-19T08:09:25Z;2023-10-19T08:09:48Z;70;CONTINUED
258;2;1;2023-10-19T08:09:48Z;2023-10-19T08:09:58Z;80;PAUSED
258;2;1;2023-10-19T08:09:58Z;2023-10-19T08:10:28Z;80;INTERRUPTED
259;2;1;2023-10-19T08:14:45Z;2023-10-19T08:14:45Z;0;STARTED
259;2;1;2023-10-19T08:14:45Z;2023-10-19T08:17:54Z;189;COMPLETE
260;2;2;2023-10-19T08:22:44Z;2023-10-19T08:22:44Z;0;STARTED
260;2;2;2023-10-19T08:22:44Z;2023-10-19T08:25:44Z;180;COMPLETE
261;2;1;2023-10-19T10:18:57Z;2023-10-19T10:18:57Z;0;STARTED
261;2;1;2023-10-19T10:18:57Z;2023-10-19T10:22:07Z;190;COMPLETE
262;2;1;2023-10-19T10:24:11Z;2023-10-19T10:24:11Z;0;STARTED
262;2;1;2023-10-19T10:24:11Z;2023-10-19T10:27:21Z;190;COMPLETE
263;2;0;2023-10-19T10:29:08Z;2023-10-19T10:29:08Z;0;STARTED
263;2;0;2023-10-19T10:29:08Z;2023-10-19T10:32:15Z;187;COMPLETE
264;2;2;2023-10-19T10:36:33Z;2023-10-19T10:36:33Z;0;STARTED
264;2;2;2023-10-19T10:36:33Z;2023-10-19T10:39:34Z;181;COMPLETE
265;2;2;2023-10-19T10:43:15Z;2023-10-19T10:43:15Z;0;STARTED
265;2;2;2023-10-19T10:43:15Z;2023-10-19T10:44:05Z;50;PAUSED
265;2;2;2023-10-19T10:44:05Z;2023-10-19T10:44:35Z;50;INTERRUPTED
266;2;2;2023-10-19T10:44:05Z;2023-10-19T10:44:05Z;0;STARTED
266;2;2;2023-10-19T10:44:05Z;2023-10-19T10:47:11Z;186;COMPLETE
267;2;2;2023-10-19T10:47:46Z;2023-10-19T10:47:46Z;0;STARTED
267;2;2;2023-10-19T10:47:46Z;2023-10-19T10:49:23Z;97;PAUSED
267;2;2;2023-10-19T10:49:23Z;2023-10-19T10:49:53Z;97;INTERRUPTED
268;2;1;2023-10-19T13:11:48Z;2023-10-19T13:11:48Z;0;STARTED
268;2;1;2023-10-19T13:11:48Z;2023-10-19T13:14:51Z;183;COMPLETE
269;2;2;2023-10-19T13:17:20Z;2023-10-19T13:17:20Z;0;STARTED
269;2;2;2023-10-19T13:17:20Z;2023-10-19T13:20:22Z;182;COMPLETE
270;2;0;2023-10-19T13:22:26Z;2023-10-19T13:22:26Z;0;STARTED
270;2;0;2023-10-19T13:22:26Z;2023-10-19T13:25:35Z;189;COMPLETE
271;2;0;2023-10-19T13:29:27Z;2023-10-19T13:29:27Z;0;STARTED
271;2;0;2023-10-19T13:29:27Z;2023-10-19T13:32:32Z;185;COMPLETE
272;2;2;2023-10-19T13:36:38Z;2023-10-19T13:36:38Z;0;STARTED
272;2;2;2023-10-19T13:36:38Z;2023-10-19T13:37:02Z;24;PAUSED
272;2;2;2023-10-19T13:37:02Z;2023-10-19T13:37:17Z;24;CONTINUED
272;2;2;2023-10-19T13:37:17Z;2023-10-19T13:37:30Z;37;PAUSED
272;2;2;2023-10-19T13:37:30Z;2023-10-19T13:37:44Z;37;CONTINUED
272;2;2;2023-10-19T13:37:44Z;2023-10-19T13:38:14Z;37;INTERRUPTED
273;2;0;2023-10-19T13:40:10Z;2023-10-19T13:40:10Z;0;STARTED
273;2;0;2023-10-19T13:40:10Z;2023-10-19T13:40:15Z;5;PAUSED
273;2;0;2023-10-19T13:40:15Z;2023-10-19T13:40:43Z;5;CONTINUED
273;2;0;2023-10-19T13:40:43Z;2023-10-19T13:41:13Z;35;PAUSED
273;2;0;2023-10-19T13:41:13Z;2023-10-19T13:41:40Z;35;CONTINUED
273;2;0;2023-10-19T13:41:40Z;2023-10-19T13:41:45Z;40;PAUSED
273;2;0;2023-10-19T13:41:45Z;2023-10-19T13:42:15Z;40;INTERRUPTED
274;2;2;2023-10-19T13:43:00Z;2023-10-19T13:43:00Z;0;STARTED
274;2;2;2023-10-19T13:43:00Z;2023-10-19T13:46:04Z;184;COMPLETE
275;2;1;2023-10-20T07:05:59Z;2023-10-20T07:05:59Z;0;STARTED
275;2;1;2023-10-20T07:05:59Z;2023-10-20T07:06:04Z;5;PAUSED
275;2;1;2023-10-20T07:06:04Z;2023-10-20T07:06:20Z;5;CONTINUED
275;2;1;2023-10-20T07:06:20Z;2023-10-20T07:06:25Z;10;PAUSED
275;2;1;2023-10-20T07:06:25Z;2023-10-20T07:06:44Z;10;CONTINUED
275;2;1;2023-10-20T07:06:44Z;2023-10-20T07:06:49Z;15;PAUSED
275;2;1;2023-10-20T07:06:49Z;2023-10-20T07:07:05Z;15;CONTINUED
275;2;1;2023-10-20T07:07:05Z;2023-10-20T07:07:18Z;28;PAUSED
275;2;1;2023-10-20T07:07:18Z;2023-10-20T07:07:48Z;28;INTERRUPTED
276;2;0;2023-10-20T07:13:12Z;2023-10-20T07:13:12Z;0;STARTED
276;2;0;2023-10-20T07:13:12Z;2023-10-20T07:14:00Z;48;PAUSED
276;2;0;2023-10-20T07:14:00Z;2023-10-20T07:14:08Z;48;CONTINUED
276;2;0;2023-10-20T07:14:08Z;2023-10-20T07:15:37Z;137;PAUSED
276;2;0;2023-10-20T07:15:37Z;2023-10-20T07:16:07Z;137;INTERRUPTED
277;2;1;2023-10-20T07:18:45Z;2023-10-20T07:18:45Z;0;STARTED
277;2;1;2023-10-20T07:18:45Z;2023-10-20T07:21:54Z;189;COMPLETE
278;2;2;2023-10-20T07:25:31Z;2023-10-20T07:25:31Z;0;STARTED
278;2;2;2023-10-20T07:25:31Z;2023-10-20T07:28:34Z;183;COMPLETE
279;2;0;2023-10-20T07:33:11Z;2023-10-20T07:33:11Z;0;STARTED
279;2;0;2023-10-20T07:33:11Z;2023-10-20T07:36:21Z;190;COMPLETE
280;2;2;2023-10-20T07:39:48Z;2023-10-20T07:39:48Z;0;STARTED
280;2;2;2023-10-20T07:39:48Z;2023-10-20T07:40:24Z;36;PAUSED
280;2;2;2023-10-20T07:40:24Z;2023-10-20T07:40:45Z;36;CONTINUED
280;2;2;2023-10-20T07:40:45Z;2023-10-20T07:41:24Z;75;PAUSED
280;2;2;2023-10-20T07:41:24Z;2023-10-20T07:41:54Z;75;INTERRUPTED
281;2;2;2023-10-20T07:41:24Z;2023-10-20T07:41:24Z;0;STARTED
281;2;2;2023-10-20T07:41:24Z;2023-10-20T07:44:27Z;183;COMPLETE
282;2;0;2023-10-20T10:47:10Z;2023-10-20T10:47:10Z;0;STARTED
282;2;0;2023-10-20T10:47:10Z;2023-10-20T10:50:14Z;184;COMPLETE
283;2;0;2023-10-20T10:51:21Z;2023-10-20T10:51:21Z;0;STARTED
283;2;0;2023-10-20T10:51:21Z;2023-10-20T10:51:26Z;5;PAUSED
283;2;0;2023-10-20T10:51:26Z;2023-10-20T10:51:52Z;5;CONTINUED
283;2;0;2023-10-20T10:51:52Z;2023-10-20T10:52:06Z;19;PAUSED
283;2;0;2023-10-20T10:52:06Z;2023-10-20T10:52:15Z;19;CONTINUED
283;2;0;2023-10-20T10:52:15Z;2023-10-20T10:52:31Z;35;PAUSED
283;2;0;2023-10-20T10:52:31Z;2023-10-20T10:52:53Z;35;CONTINUED
283;2;0;2023-10-20T10:52:53Z;2023-10-20T10:53:23Z;35;INTERRUPTED
284;2;2;2023-10-20T10:57:59Z;2023-10-20T10:57:59Z;0;STARTED
284;2;2;2023-10-20T10:57:59Z;2023-10-20T11:01:06Z;187;COMPLETE
285;2;0;2023-10-20T11:03:53Z;2023-10-20T11:03:53Z;0;STARTED
285;2;0;2023-10-20T11:03:53Z;2023-10-20T11:06:54Z;181;COMPLETE
286;2;2;2023-10-20T11:10:19Z;2023-10-20T11:10:19Z;0;STARTED
286;2;2;2023-10-20T11:10:19Z;2023-10-20T11:13:22Z;183;COMPLETE
287;2;2;2023-10-20T11:18:44Z;2023-10-20T11:18:44Z;0;STARTED
287;2;2;2023-10-20T11:18:44Z;2023-10-20T11:21:49Z;185;COMPLETE
288;2;1;2023-10-21T05:00:00Z;2023-10-21T05:00:00Z;0;STARTED
288;2;1;2023-10-21T05:00:00Z;2023-10-21T05:03:03Z;183;COMPLETE
289;2;0;2023-10-21T05:08:11Z;2023-10-21T05:08:11Z;0;STARTED
289;2;0;2023-10-21T05:08:11Z;2023-10-21T05:08:16Z;5;PAUSED
289;2;0;2023-10-21T05:08:16Z;2023-10-21T05:08:24Z;5;CONTINUED
289;2;0;2023-10-21T05:08:24Z;2023-10-21T05:08:34Z;15;PAUSED
289;2;0;2023-10-21T05:08:34Z;2023-10-21T05:08:54Z;15;CONTINUED
289;2;0;2023-10-21T05:08:54Z;2023-10-21T05:09:12Z;33;PAUSED
289;2;0;2023-10-21T05:09:12Z;2023-10-21T05:09:29Z;33;CONTINUED
289;2;0;2023-10-21T05:09:29Z;2023-10-21T05:09:59Z;33;INTERRUPTED
290;2;2;2023-10-21T05:14:58Z;2023-10-21T05:14:58Z;0;STARTED
290;2;2;2023-10-21T05:14:58Z;2023-10-21T05:18:03Z;185;COMPLETE
291;2;0;2023-10-21T05:18:24Z;2023-10-21T05:18:24Z;0;STARTED
291;2;0;2023-10-21T05:18:24Z;2023-10-21T05:21:30Z;186;COMPLETE
292;2;1;2023-10-21T05:21:56Z;2023-10-21T05:21:56Z;0;STARTED
292;2;1;2023-10-21T05:21:56Z;2023-10-21T05:22:01Z;5;PAUSED
292;2;1;2023-10-21T05:22:01Z;2023-10-21T05:22:12Z;5;CONTINUED
292;2;1;2023-10-21T05:22:12Z;2023-10-21T05:22:56Z;49;PAUSED
292;2;1;2023-10-21T05:22:56Z;2023-10-21T05:23:24Z;49;CONTINUED
292;2;1;2023-10-21T05:23:24Z;2023-10-21T05:24:04Z;89;PAUSED
292;2;1;2023-10-21T05:24:04Z;2023-10-21T05:24:34Z;89;INTERRUPTED
293;2;0;2023-10-21T05:24:56Z;2023-10-21T05:24:56Z;0;STARTED
293;2;0;2023-10-21T05:24:56Z;2023-10-21T05:27:59Z;183;COMPLETE
294;2;2;2023-10-21T05:33:50Z;2023-10-21T05:33:50Z;0;STARTED
294;2;2;2023-10-21T05:33:50Z;2023-10-21T05:36:54Z;184;COMPLETE
295;2;2;2023-10-21T05:41:07Z;2023-10-21T05:41:07Z;0;STARTED
295;2;2;2023-10-21T05:41:07Z;2023-10-21T05:44:07Z;180;COMPLETE
296;2;1;2023-10-21T08:48:06Z;2023-10-21T08:48:06Z;0;STARTED
296;2;1;2023-10-21T08:48:06Z;2023-10-21T08:51:10Z;184;COMPLETE
297;2;2;2023-10-21T08:51:33Z;2023-10-21T08:51:33Z;0;STARTED
297;2;2;2023-10-21T08:51:33Z;2023-10-21T08:54:43Z;190;COMPLETE
298;2;0;2023-10-21T08:58:32Z;2023-10-21T08:58:32Z;0;STARTED
298;2;0;2023-10-21T08:58:32Z;2023-10-21T08:59:52Z;80;PAUSED
298;2;0;2023-10-21T08:59:52Z;2023-10-21T09:00:16Z;80;CONTINUED
298;2;0;2023-10-21T09:00:16Z;2023-10-21T09:00:46Z;80;INTERRUPTED
299;2;0;2023-10-21T09:02:19Z;2023-10-21T09:02:19Z;0;STARTED
299;2;0;2023-10-21T09:02:19Z;2023-10-21T09:05:21Z;182;COMPLETE
300;2;1;2023-10-21T09:10:28Z;2023-10-21T09:10:28Z;0;STARTED
300;2;1;2023-10-21T09:10:28Z;2023-10-21T09:13:35Z;187;COMPLETE
301;2;2;2023-10-21T09:15:43Z;2023-10-21T09:15:43Z;0;STARTED
301;2;2;2023-10-21T09:15:43Z;2023-10-21T09:18:52Z;189;COMPLETE
302;2;1;2023-10-21T13:19:18Z;2023-10-21T13:19:18Z;0;STARTED
302;2;1;2023-10-21T13:19:18Z;2023-10-21T13:22:27Z;189;COMPLETE
303;2;2;2023-10-21T13:22:47Z;2023-10-21T13:22:47Z;0;STARTED
303;2;2;2023-10-21T13:22:47Z;2023-10-21T13:25:52Z;185;COMPLETE
304;2;2;2023-10-21T13:28:24Z;2023-10-21T13:28:24Z;0;STARTED
304;2;2;2023-10-21T13:28:24Z;2023-10-21T13:28:29Z;5;PAUSED
304;2;2;2023-10-21T13:28:29Z;2023-10-21T13:28:45Z;5;CONTINUED
304;2;2;2023-10-21T13:28:45Z;2023-10-21T13:28:57Z;17;PAUSED
304;2;2;2023-10-21T13:28:57Z;2023-10-21T13:29:03Z;17;CONTINUED
304;2;2;2023-10-21T13:29:03Z;2023-10-21T13:29:08Z;22;PAUSED
304;2;2;2023-10-21T13:29:08Z;2023-10-21T13:29:26Z;22;CONTINUED
304;2;2;2023-10-21T13:29:26Z;2023-10-21T13:29:31Z;27;PAUSED
304;2;2;2023-10-21T13:29:31Z;2023-10-21T13:30:01Z;27;INTERRUPTED
305;2;0;2023-10-21T13:33:17Z;2023-10-21T13:33:17Z;0;STARTED
305;2;0;2023-10-21T13:33:17Z;2023-10-21T13:36:23Z;186;COMPLETE
306;2;0;2023-10-21T13:38:53Z;2023-10-21T13:38:53Z;0;STARTED
306;2;0;2023-10-21T13:38:53Z;2023-10-21T13:41:54Z;181;COMPLETE
307;2;0;2023-10-21T13:44:27Z;2023-10-21T13:44:27Z;0;STARTED
307;2;0;2023-10-21T13:44:27Z;2023-10-21T13:47:29Z;182;COMPLETE
308;2;2;2023-10-21T13:49:08Z;2023-10-21T13:49:08Z;0;STARTED
308;2;2;2023-10-21T13:49:08Z;2023-10-21T13:52:18Z;190;COMPLETE
309;2;0;2023-10-23T05:00:00Z;2023-10-23T05:00:00Z;0;STARTED
309;2;0;2023-10-23T05:00:00Z;2023-10-23T05:03:05Z;185;COMPLETE
310;2;2;2023-10-23T05:08:44Z;2023-10-23T05:08:44Z;0;STARTED
310;2;2;2023-10-23T05:08:44Z;2023-10-23T05:08:49Z;5;PAUSED
310;2;2;2023-10-23T05:08:49Z;2023-10-23T05:09:16Z;5;CONTINUED
310;2;2;2023-10-23T05:09:16Z;2023-10-23T05:09:32Z;21;PAUSED
310;2;2;2023-10-23T05:09:32Z;2023-10-23T05:09:48Z;21;CONTINUED
310;2;2;2023-10-23T05:09:48Z;2023-10-23T05:10:02Z;35;PAUSED
310;2;2;2023-10-23T05:10:02Z;2023-10-23T05:10:09Z;35;CONTINUED
310;2;2;2023-10-23T05:10:09Z;2023-10-23T05:10:16Z;42;PAUSED
310;2;2;2023-10-23T05:10:16Z;2023-10-23T05:10:46Z;42;INTERRUPTED
311;2;0;2023-10-23T05:16:02Z;2023-10-23T05:16:02Z;0;STARTED
311;2;0;2023-10-23T05:16:02Z;2023-10-23T05:16:40Z;38;PAUSED
311;2;0;2023-10-23T05:16:40Z;2023-10-23T05:17:09Z;38;CONTINUED
311;2;0;2023-10-23T05:17:09Z;2023-10-23T05:17:58Z;87;PAUSED
311;2;0;2023-10-23T05:17:58Z;2023-10-23T05:18:11Z;87;CONTINUED
311;2;0;2023-10-23T05:18:11Z;2023-10-23T05:18:43Z;119;PAUSED
311;2;0;2023-10-23T05:18:43Z;2023-10-23T05:19:13Z;119;INTERRUPTED
312;2;1;2023-10-23T05:24:59Z;2023-10-23T05:24:59Z;0;STARTED
312;2;1;2023-10-23T05:24:59Z;2023-10-23T05:28:01Z;182;COMPLETE
313;2;2;2023-10-23T05:29:32Z;2023-10-23T05:29:32Z;0;STARTED
313;2;2;2023-10-23T05:29:32Z;2023-10-23T05:32:32Z;180;COMPLETE
314;2;1;2023-10-23T08:19:23Z;2023-10-23T08:19:23Z;0;STARTED
314;2;1;2023-10-23T08:19:23Z;2023-10-23T08:22:30Z;187;COMPLETE
315;2;0;2023-10-23T08:26:07Z;2023-10-23T08:26:07Z;0;STARTED
315;2;0;2023-10-23T08:26:07Z;2023-10-23T08:29:17Z;190;COMPLETE
316;2;0;2023-10-23T08:33:02Z;2023-10-23T08:33:02Z;0;STARTED
316;2;0;2023-10-23T08:33:02Z;2023-10-23T08:36:07Z;185;COMPLETE
317;2;2;2023-10-23T08:37:16Z;2023-10-23T08:37:16Z;0;STARTED
317;2;2;2023-10-23T08:37:16Z;2023-10-23T08:40:24Z;188;COMPLETE
318;2;1;2023-10-23T08:42:20Z;2023-10-23T08:42:20Z;0;STARTED
318;2;1;2023-10-23T08:42:20Z;2023-10-23T08:45:29Z;189;COMPLETE
319;2;2;2023-10-23T08:48:00Z;2023-10-23T08:48:00Z;0;STARTED
319;2;2;2023-10-23T08:48:00Z;2023-10-23T08:48:53Z;53;PAUSED
319;2;2;2023-10-23T08:48:53Z;2023-10-23T08:49:14Z;53;CONTINUED
319;2;2;2023-10-23T08:49:14Z;2023-10-23T08:50:07Z;106;PAUSED
319;2;2;2023-10-23T08:50:07Z;2023-10-23T08:50:19Z;106;CONTINUED
319;2;2;2023-10-23T08:50:19Z;2023-10-23T08:50:49Z;106;INTERRUPTED
320;2;1;2023-10-26T05:00:00Z;2023-10-26T05:00:00Z;0;STARTED
320;2;1;2023-10-26T05:00:00Z;2023-10-26T05:03:00Z;180;COMPLETE
321;2;2;2023-10-26T05:07:58Z;2023-10-26T05:07:58Z;0;STARTED
321;2;2;2023-10-26T05:07:58Z;2023-10-26T05:11:06Z;188;COMPLETE
322;2;0;2023-10-26T05:14:43Z;2023-10-26T05:14:43Z;0;STARTED
322;2;0;2023-10-26T05:14:43Z;2023-10-26T05:17:53Z;190;COMPLETE
323;2;2;2023-10-26T05:23:34Z;2023-10-26T05:23:34Z;0;STARTED
323;2;2;2023-10-26T05:23:34Z;2023-10-26T05:23:42Z;8;PAUSED
323;2;2;2023-10-26T05:23:42Z;2023-10-26T05:23:50Z;8;CONTINUED
323;2;2;2023-10-26T05:23:50Z;2023-10-26T05:23:56Z;14;PAUSED
323;2;2;2023-10-26T05:23:56Z;2023-10-26T05:24:05Z;14;CONTINUED
323;2;2;2023-10-26T05:24:05Z;2023-10-26T05:24:19Z;28;PAUSED
323;2;2;2023-10-26T05:24:19Z;2023-10-26T05:24:40Z;28;CONTINUED
323;2;2;2023-10-26T05:24:40Z;2023-10-26T05:24:56Z;44;PAUSED
323;2;2;2023-10-26T05:24:56Z;2023-10-26T05:25:26Z;44;INTERRUPTED
324;2;0;2023-10-26T05:27:18Z;2023-10-26T05:27:18Z;0;STARTED
324;2;0;2023-10-26T05:27:18Z;2023-10-26T05:30:23Z;185;COMPLETE
325;2;0;2023-10-26T05:33:57Z;2023-10-26T05:33:57Z;0;STARTED
325;2;0;2023-10-26T05:33:57Z;2023-10-26T05:37:05Z;188;COMPLETE
326;2;2;2023-10-26T05:43:04Z;2023-10-26T05:43:04Z;0;STARTED
326;2;2;2023-10-26T05:43:04Z;2023-10-26T05:46:04Z;180;COMPLETE
327;2;0;2023-10-26T07:34:58Z;2023-10-26T07:34:58Z;0;STARTED
327;2;0;2023-10-26T07:34:58Z;2023-10-26T07:38:06Z;188;COMPLETE
328;2;0;2023-10-26T07:42:28Z;2023-10-26T07:42:28Z;0;STARTED
328;2;0;2023-10-26T07:42:28Z;2023-10-26T07:43:17Z;49;PAUSED
328;2;0;2023-10-26T07:43:17Z;2023-10-26T07:43:36Z;49;CONTINUED
328;2;0;2023-10-26T07:43:36Z;2023-10-26T07:43:56Z;69;PAUSED
328;2;0;2023-10-26T07:43:56Z;2023-10-26T07:44:10Z;69;CONTINUED
328;2;0;2023-10-26T07:44:10Z;2023-10-26T07:44:40Z;69;INTERRUPTED
329;2;1;2023-10-26T07:48:18Z;2023-10-26T07:48:18Z;0;STARTED
329;2;1;2023-10-26T07:48:18Z;2023-10-26T07:48:23Z;5;PAUSED
329;2;1;2023-10-26T07:48:23Z;2023-10-26T07:48:40Z;5;CONTINUED
329;2;1;2023-10-26T07:48:40Z;2023-10-26T07:48:54Z;19;PAUSED
329;2;1;2023-10-26T07:48:54Z;2023-10-26T07:49:21Z;19;CONTINUED
329;2;1;2023-10-26T07:49:21Z;2023-10-26T07:49:37Z;35;PAUSED
329;2;1;2023-10-26T07:49:37Z;2023-10-26T07:49:51Z;35;CONTINUED
329;2;1;2023-10-26T07:49:51Z;2023-10-26T07:50:21Z;35;INTERRUPTED
330;2;0;2023-10-26T07:53:57Z;2023-10-26T07:53:57Z;0;STARTED
330;2;0;2023-10-26T07:53:57Z;2023-10-26T07:56:59Z;182;COMPLETE
331;2;2;2023-10-26T08:01:55Z;2023-10-26T08:01:55Z;0;STARTED
331;2;2;2023-10-26T08:01:55Z;2023-10-26T08:03:00Z;65;PAUSED
331;2;2;2023-10-26T08:03:00Z;2023-10-26T08:03:30Z;65;INTERRUPTED
332;2;0;2023-10-26T08:05:23Z;2023-10-26T08:05:23Z;0;STARTED
332;2;0;2023-10-26T08:05:23Z;2023-10-26T08:08:33Z;190;COMPLETE
333;2;0;2023-10-26T08:12:08Z;2023-10-26T08:12:08Z;0;STARTED
333;2;0;2023-10-26T08:12:08Z;2023-10-26T08:13:55Z;107;PAUSED
333;2;0;2023-10-26T08:13:55Z;2023-10-26T08:14:25Z;107;INTERRUPTED
334;2;2;2023-10-26T08:14:34Z;2023-10-26T08:14:34Z;0;STARTED
334;2;2;2023-10-26T08:14:34Z;2023-10-26T08:17:43Z;189;COMPLETE
335;2;1;2023-10-26T12:16:21Z;2023-10-26T12:16:21Z;0;STARTED
335;2;1;2023-10-26T12:16:21Z;2023-10-26T12:19:26Z;185;COMPLETE
336;2;2;2023-10-26T12:22:03Z;2023-10-26T12:22:03Z;0;STARTED
336;2;2;2023-10-26T12:22:03Z;2023-10-26T12:25:09Z;186;COMPLETE
337;2;0;2023-10-26T12:30:45Z;2023-10-26T12:30:45Z;0;STARTED
337;2;0;2023-10-26T12:30:45Z;2023-10-26T12:33:53Z;188;COMPLETE
338;2;0;2023-10-26T12:36:23Z;2023-10-26T12:36:23Z;0;STARTED
338;2;0;2023-10-26T12:36:23Z;2023-10-26T12:39:30Z;187;COMPLETE
339;2;2;2023-10-26T12:41:58Z;2023-10-26T12:41:58Z;0;STARTED
339;2;2;2023-10-26T12:41:58Z;2023-10-26T12:45:02Z;184;COMPLETE
340;2;1;2023-10-27T05:00:00Z;2023-10-27T05:00:00Z;0;STARTED
340;2;1;2023-10-27T05:00:00Z;2023-10-27T05:00:19Z;19;PAUSED
340;2;1;2023-10-27T05:00:19Z;2023-10-27T05:00:42Z;19;CONTINUED
340;2;1;2023-10-27T05:00:42Z;2023-10-27T05:00:47Z;24;PAUSED
340;2;1;2023-10-27T05:00:47Z;2023-10-27T05:01:17Z;24;INTERRUPTED
341;2;2;2023-10-27T05:07:08Z;2023-10-27T05:07:08Z;0;STARTED
341;2;2;2023-10-27T05:07:08Z;2023-10-27T05:07:15Z;7;PAUSED
341;2;2;2023-10-27T05:07:15Z;2023-10-27T05:07:43Z;7;CONTINUED
341;2;2;2023-10-27T05:07:43Z;2023-10-27T05:07:48Z;12;PAUSED
341;2;2;2023-10-27T05:07:48Z;2023-10-27T05:08:06Z;12;CONTINUED
341;2;2;2023-10-27T05:08:06Z;2023-10-27T05:08:13Z;19;PAUSED
341;2;2;2023-10-27T05:08:13Z;2023-10-27T05:08:41Z;19;CONTINUED
341;2;2;2023-10-27T05:08:41Z;2023-10-27T05:08:57Z;35;PAUSED
341;2;2;2023-10-27T05:08:57Z;2023-10-27T05:09:27Z;35;INTERRUPTED
342;2;0;2023-10-27T05:11:17Z;2023-10-27T05:11:17Z;0;STARTED
342;2;0;2023-10-27T05:11:17Z;2023-10-27T05:14:20Z;183;COMPLETE
343;2;0;2023-10-27T05:15:26Z;2023-10-27T05:15:26Z;0;STARTED
343;2;0;2023-10-27T05:15:26Z;2023-10-27T05:18:31Z;185;COMPLETE
344;2;2;2023-10-27T05:19:56Z;2023-10-27T05:19:56Z;0;STARTED
344;2;2;2023-10-27T05:19:56Z;2023-10-27T05:20:01Z;5;PAUSED
344;2;2;2023-10-27T05:20:01Z;2023-10-27T05:20:25Z;5;CONTINUED
344;2;2;2023-10-27T05:20:25Z;2023-10-27T05:20:47Z;27;PAUSED
344;2;2;2023-10-27T05:20:47Z;2023-10-27T05:21:17Z;27;INTERRUPTED
345;2;1;2023-10-27T05:21:45Z;2023-10-27T05:21:45Z;0;STARTED
345;2;1;2023-10-27T05:21:45Z;2023-10-27T05:24:51Z;186;COMPLETE
346;2;2;2023-10-27T05:26:22Z;2023-10-27T05:26:22Z;0;STARTED
346;2;2;2023-10-27T05:26:22Z;2023-10-27T05:29:25Z;183;COMPLETE
347;2;1;2023-10-27T07:23:50Z;2023-10-27T07:23:50Z;0;STARTED
347;2;1;2023-10-27T07:23:50Z;2023-10-27T07:26:51Z;181;COMPLETE
348;2;1;2023-10-27T07:27:04Z;2023-10-27T07:27:04Z;0;STARTED
348;2;1;2023-10-27T07:27:04Z;2023-10-27T07:30:06Z;182;COMPLETE
349;2;0;2023-10-27T07:34:23Z;2023-10-27T07:34:23Z;0;STARTED
349;2;0;2023-10-27T07:34:23Z;2023-10-27T07:35:51Z;88;PAUSED
349;2;0;2023-10-27T07:35:51Z;2023-10-27T07:35:57Z;88;CONTINUED
349;2;0;2023-10-27T07:35:57Z;2023-10-27T07:36:27Z;88;INTERRUPTED
350;2;0;2023-10-27T07:40:03Z;2023-10-27T07:40:03Z;0;STARTED
350;2;0;2023-10-27T07:40:03Z;2023-10-27T07:43:04Z;181;COMPLETE
351;2;0;2023-10-27T07:44:11Z;2023-10-27T07:44:11Z;0;STARTED
351;2;0;2023-10-27T07:44:11Z;2023-10-27T07:45:01Z;50;PAUSED
351;2;0;2023-10-27T07:45:01Z;2023-10-27T07:45:31Z;50;INTERRUPTED
352;2;0;2023-10-27T07:45:01Z;2023-10-27T07:45:01Z;0;STARTED
352;2;0;2023-10-27T07:45:01Z;2023-10-27T07:48:08Z;187;COMPLETE
353;2;2;2023-10-27T07:51:51Z;2023-10-27T07:51:51Z;0;STARTED
353;2;2;2023-10-27T07:51:51Z;2023-10-27T07:54:54Z;183;COMPLETE
354;2;0;2023-10-27T07:55:53Z;2023-10-27T07:55:53Z;0;STARTED
354;2;0;2023-10-27T07:55:53Z;2023-10-27T07:56:15Z;22;PAUSED
354;2;0;2023-10-27T07:56:15Z;2023-10-27T07:56:23Z;22;CONTINUED
354;2;0;2023-10-27T07:56:23Z;2023-10-27T07:57:11Z;70;PAUSED
354;2;0;2023-10-27T07:57:11Z;2023-10-27T07:57:25Z;70;CONTINUED
354;2;0;2023-10-27T07:57:25Z;2023-10-27T07:57:40Z;85;PAUSED
354;2;0;2023-10-27T07:57:40Z;2023-10-27T07:58:10Z;85;INTERRUPTED
355;2;2;2023-10-27T08:02:06Z;2023-10-27T08:02:06Z;0;STARTED
355;2;2;2023-10-27T08:02:06Z;2023-10-27T08:02:26Z;20;PAUSED
355;2;2;2023-10-27T08:02:26Z;2023-10-27T08:02:56Z;20;INTERRUPTED
356;2;2;2023-10-27T08:02:26Z;2023-10-27T08:02:26Z;0;STARTED
356;2;2;2023-10-27T08:02:26Z;2023-10-27T08:05:34Z;188;COMPLETE
357;2;1;2023-10-27T10:06:08Z;2023-10-27T10:06:08Z;0;STARTED
357;2;1;2023-10-27T10:06:08Z;2023-10-27T10:06:14Z;6;PAUSED
357;2;1;2023-10-27T10:06:14Z;2023-10-27T10:06:20Z;6;CONTINUED
357;2;1;2023-10-27T10:06:20Z;2023-10-27T10:06:36Z;22;PAUSED
357;2;1;2023-10-27T10:06:36Z;2023-10-27T10:06:48Z;22;CONTINUED
357;2;1;2023-10-27T10:06:48Z;2023-10-27T10:07:08Z;42;PAUSED
357;2;1;2023-10-27T10:07:08Z;2023-10-27T10:07:38Z;42;INTERRUPTED
358;2;1;2023-10-27T10:07:08Z;2023-10-27T10:07:08Z;0;STARTED
358;2;1;2023-10-27T10:07:08Z;2023-10-27T10:07:32Z;24;PAUSED
358;2;1;2023-10-27T10:07:32Z;2023-10-27T10:07:43Z;24;CONTINUED
358;2;1;2023-10-27T10:07:43Z;2023-10-27T10:08:23Z;64;PAUSED
358;2;1;2023-10-27T10:08:23Z;2023-10-27T10:08:51Z;64;CONTINUED
358;2;1;2023-10-27T10:08:51Z;2023-10-27T10:09:21Z;64;INTERRUPTED
359;2;1;2023-10-27T10:10:40Z;2023-10-27T10:10:40Z;0;STARTED
359;2;1;2023-10-27T10:10:40Z;2023-10-27T10:10:57Z;17;PAUSED
359;2;1;2023-10-27T10:10:57Z;2023-10-27T10:11:22Z;17;CONTINUED
359;2;1;2023-10-27T10:11:22Z;2023-10-27T10:11:33Z;28;PAUSED
359;2;1;2023-10-27T10:11:33Z;2023-10-27T10:11:53Z;28;CONTINUED
359;2;1;2023-10-27T10:11:53Z;2023-10-27T10:12:03Z;38;PAUSED
359;2;1;2023-10-27T10:12:03Z;2023-10-27T10:12:08Z;38;CONTINUED
359;2;1;2023-10-27T10:12:08Z;2023-10-27T10:12:25Z;55;PAUSED
359;2;1;2023-10-27T10:12:25Z;2023-10-27T10:12:55Z;55;INTERRUPTED
360;2;1;2023-10-27T10:16:32Z;2023-10-27T10:16:32Z;0;STARTED
360;2;1;2023-10-27T10:16:32Z;2023-10-27T10:19:41Z;189;COMPLETE
361;2;1;2023-10-27T10:21:41Z;2023-10-27T10:21:41Z;0;STARTED
361;2;1;2023-10-27T10:21:41Z;2023-10-27T10:24:48Z;187;COMPLETE
362;2;0;2023-10-27T10:30:20Z;2023-10-27T10:30:20Z;0;STARTED
362;2;0;2023-10-27T10:30:20Z;2023-10-27T10:33:30Z;190;COMPLETE
363;2;2;2023-10-27T10:33:55Z;2023-10-27T10:33:55Z;0;STARTED
363;2;2;2023-10-27T10:33:55Z;2023-10-27T10:37:02Z;187;COMPLETE
364;2;1;2023-10-28T05:00:00Z;2023-10-28T05:00:00Z;0;STARTED
364;2;1;2023-10-28T05:00:00Z;2023-10-28T05:03:00Z;180;COMPLETE
365;2;1;2023-10-28T05:07:13Z;2023-10-28T05:07:13Z;0;STARTED
365;2;1;2023-10-28T05:07:13Z;2023-10-28T05:10:17Z;184;COMPLETE
366;2;0;2023-10-28T05:11:21Z;2023-10-28T05:11:21Z;0;STARTED
366;2;0;2023-10-28T05:11:21Z;2023-10-28T05:11:29Z;8;PAUSED
366;2;0;2023-10-28T05:11:29Z;2023-10-28T05:11:53Z;8;CONTINUED
366;2;0;2023-10-28T05:11:53Z;2023-10-28T05:11:58Z;13;PAUSED
366;2;0;2023-10-28T05:11:58Z;2023-10-28T05:12:19Z;13;CONTINUED
366;2;0;2023-10-28T05:12:19Z;2023-10-28T05:12:29Z;23;PAUSED
366;2;0;2023-10-28T05:12:29Z;2023-10-28T05:12:41Z;23;CONTINUED
366;2;0;2023-10-28T05:12:41Z;2023-10-28T05:13:11Z;23;INTERRUPTED
367;2;2;2023-10-28T05:18:15Z;2023-10-28T05:18:15Z;0;STARTED
367;2;2;2023-10-28T05:18:15Z;2023-10-28T05:18:25Z;10;PAUSED
367;2;2;2023-10-28T05:18:25Z;2023-10-28T05:18:31Z;10;CONTINUED
367;2;2;2023-10-28T05:18:31Z;2023-10-28T05:18:37Z;16;PAUSED
367;2;2;2023-10-28T05:18:37Z;2023-10-28T05:19:02Z;16;CONTINUED
367;2;2;2023-10-28T05:19:02Z;2023-10-28T05:19:07Z;21;PAUSED
367;2;2;2023-10-28T05:19:07Z;2023-10-28T05:19:15Z;21;CONTINUED
367;2;2;2023-10-28T05:19:15Z;2023-10-28T05:19:32Z;38;PAUSED
367;2;2;2023-10-28T05:19:32Z;2023-10-28T05:20:02Z;38;INTERRUPTED
368;2;1;2023-10-28T05:21:38Z;2023-10-28T05:21:38Z;0;STARTED
368;2;1;2023-10-28T05:21:38Z;2023-10-28T05:21:58Z;20;PAUSED
368;2;1;2023-10-28T05:21:58Z;2023-10-28T05:22:04Z;20;CONTINUED
368;2;1;2023-10-28T05:22:04Z;2023-10-28T05:22:41Z;57;PAUSED
368;2;1;2023-10-28T05:22:41Z;2023-10-28T05:22:50Z;57;CONTINUED
368;2;1;2023-10-28T05:22:50Z;2023-10-28T05:23:20Z;57;INTERRUPTED
369;2;2;2023-10-28T05:24:07Z;2023-10-28T05:24:07Z;0;STARTED
369;2;2;2023-10-28T05:24:07Z;2023-10-28T05:24:56Z;49;PAUSED
369;2;2;2023-10-28T05:24:56Z;2023-10-28T05:25:26Z;49;INTERRUPTED
370;2;0;2023-10-28T05:30:15Z;2023-10-28T05:30:15Z;0;STARTED
370;2;0;2023-10-28T05:30:15Z;2023-10-28T05:33:18Z;183;COMPLETE
371;2;2;2023-10-28T05:37:37Z;2023-10-28T05:37:37Z;0;STARTED
371;2;2;2023-10-28T05:37:37Z;2023-10-28T05:40:41Z;184;COMPLETE
372;2;0;2023-10-28T11:41:41Z;2023-10-28T11:41:41Z;0;STARTED
372;2;0;2023-10-28T11:41:41Z;2023-10-28T11:42:30Z;49;PAUSED
372;2;0;2023-10-28T11:42:30Z;2023-10-28T11:43:00Z;49;INTERRUPTED
373;2;0;2023-10-28T11:44:53Z;2023-10-28T11:44:53Z;0;STARTED
373;2;0;2023-10-28T11:44:53Z;2023-10-28T11:47:56Z;183;COMPLETE
374;2;1;2023-10-28T11:50:35Z;2023-10-28T11:50:35Z;0;STARTED
374;2;1;2023-10-28T11:50:35Z;2023-10-28T11:53:35Z;180;COMPLETE
375;2;1;2023-10-28T11:54:17Z;2023-10-28T11:54:17Z;0;STARTED
375;2;1;2023-10-28T11:54:17Z;2023-10-28T11:54:51Z;34;PAUSED
375;2;1;2023-10-28T11:54:51Z;2023-10-28T11:55:19Z;34;CONTINUED
375;2;1;2023-10-28T11:55:19Z;2023-10-28T11:56:04Z;79;PAUSED
375;2;1;2023-10-28T11:56:04Z;2023-10-28T11:56:16Z;79;CONTINUED
375;2;1;2023-10-28T11:56:16Z;2023-10-28T11:56:46Z;79;INTERRUPTED
376;2;0;2023-10-28T12:02:17Z;2023-10-28T12:02:17Z;0;STARTED
376;2;0;2023-10-28T12:02:17Z;2023-10-28T12:02:22Z;5;PAUSED
376;2;0;2023-10-28T12:02:22Z;2023-10-28T12:02:31Z;5;CONTINUED
376;2;0;2023-10-28T12:02:31Z;2023-10-28T12:02:39Z;13;PAUSED
376;2;0;2023-10-28T12:02:39Z;2023-10-28T12:03:06Z;13;CONTINUED
376;2;0;2023-10-28T12:03:06Z;2023-10-28T12:03:20Z;27;PAUSED
376;2;0;2023-10-28T12:03:20Z;2023-10-28T12:03:50Z;27;INTERRUPTED
377;2;0;2023-10-28T12:03:50Z;2023-10-28T12:03:50Z;0;STARTED
377;2;0;2023-10-28T12:03:50Z;2023-10-28T12:06:50Z;180;COMPLETE
378;2;0;2023-10-28T12:08:36Z;2023-10-28T12:08:36Z;0;STARTED
378;2;0;2023-10-28T12:08:36Z;2023-10-28T12:11:36Z;180;COMPLETE
379;2;2;2023-10-28T12:15:02Z;2023-10-28T12:15:02Z;0;STARTED
379;2;2;2023-10-28T12:15:02Z;2023-10-28T12:15:07Z;5;PAUSED
379;2;2;2023-10-28T12:15:07Z;2023-10-28T12:15:12Z;5;CONTINUED
379;2;2;2023-10-28T12:15:12Z;2023-10-28T12:15:21Z;14;PAUSED
379;2;2;2023-10-28T12:15:21Z;2023-10-28T12:15:42Z;14;CONTINUED
379;2;2;2023-10-28T12:15:42Z;2023-10-28T12:15:54Z;26;PAUSED
379;2;2;2023-10-28T12:15:54Z;2023-10-28T12:16:06Z;26;CONTINUED
379;2;2;2023-10-28T12:16:06Z;2023-10-28T12:16:36Z;26;INTERRUPTED
